order_id,restaurant_name,order_date,order_value,campaign_id,customer_id,rating,is_repeat_customer
1,Biryani Hut,2024-01-01,150.31,,73,4,1
2,Zaitoon Restaurant,2024-01-01,89.67,6.0,91,5,0
3,Biryani Hut,2024-01-01,160.37,,417,5,0
4,Morimoto Doha,2024-01-02,191.34,9.0,169,4,0
5,Nobu Doha,2024-01-02,128.81,1.0,312,4,0
6,Pak Pakwan,2024-01-03,156.1,3.0,267,5,0
7,Tandoor Restaurant,2024-01-03,98.69,,638,3,0
8,Palestine Cafeteria,2024-01-03,110.2,1.0,792,4,0
9,Biryani Hut,2024-01-03,132.05,5.0,268,1,0
10,Sulaimani Tea Hub,2024-01-03,183.6,7.0,910,3,1
11,Sulaimani Tea Hub,2024-01-04,80.54,1.0,494,4,0
12,Isaan,2024-01-04,50.77,5.0,988,1,0
13,Pak Pakwan,2024-01-04,83.04,9.0,957,3,0
14,Tandoor Restaurant,2024-01-04,196.16,9.0,181,1,1
15,Rotana Restaurant,2024-01-04,180.26,7.0,580,5,0
16,Tandoor Restaurant,2024-01-04,188.33,1.0,1000,2,0
17,Zaitoon Restaurant,2024-01-04,73.62,6.0,259,5,0
18,Chotto Matte,2024-01-05,190.51,3.0,868,1,0
19,Turkey Central Restaurant,2024-01-05,44.56,6.0,875,5,0
20,Idam,2024-01-05,155.0,,855,1,0
21,Rotana Restaurant,2024-01-06,68.66,1.0,730,1,0
22,Tandoor Restaurant,2024-01-06,22.64,6.0,935,2,0
23,Bayt El Talleh,2024-01-06,142.28,,395,2,0
24,Pak Pakwan,2024-01-06,41.58,,761,3,1
25,Bayt El Talleh,2024-01-06,101.72,1.0,630,1,0
26,Sulaimani Tea Hub,2024-01-07,177.7,2.0,696,1,0
27,Chotto Matte,2024-01-07,52.88,7.0,381,2,0
28,Shay Al Shomous,2024-01-08,54.06,5.0,889,3,0
29,Rotana Restaurant,2024-01-08,155.26,1.0,794,4,0
30,Biryani Hut,2024-01-09,164.26,7.0,898,5,0
31,Spice Market,2024-01-09,55.14,3.0,884,1,1
32,Hakkasan,2024-01-09,198.01,4.0,225,4,0
33,Rotana Restaurant,2024-01-09,52.04,6.0,257,5,0
34,Chotto Matte,2024-01-10,52.88,7.0,935,2,0
35,Ziafat,2024-01-10,34.64,5.0,297,3,1
36,Isaan,2024-01-10,51.23,4.0,355,2,0
37,Ottoman Palace,2024-01-10,143.87,3.0,357,5,0
38,La Mar by Gastón Acurio,2024-01-11,146.72,7.0,706,3,0
39,Em Sherif Café,2024-01-11,94.02,7.0,794,4,0
40,Sulaimani Tea Hub,2024-01-12,192.06,10.0,270,1,0
41,Rotana Restaurant,2024-01-12,78.63,,290,5,0
42,Palestine Cafeteria,2024-01-13,63.71,4.0,276,4,0
43,Bayt El Talleh,2024-01-13,108.86,4.0,194,2,0
44,Ziafat,2024-01-13,196.15,,745,4,0
45,Ziafat,2024-01-13,104.83,10.0,625,5,1
46,Idam,2024-01-14,104.69,8.0,614,3,1
47,Morimoto Doha,2024-01-14,165.31,9.0,617,2,0
48,Zaoq,2024-01-14,44.44,2.0,548,4,1
49,Zaitoon Restaurant,2024-01-14,28.44,,836,5,0
50,Afghan Brothers,2024-01-14,178.45,7.0,716,4,1
51,Sulaimani Tea Hub,2024-01-15,131.27,,473,1,0
52,Zaoq,2024-01-15,126.38,10.0,808,2,0
53,Pak Pakwan,2024-01-15,56.58,7.0,384,5,0
54,Nobu Doha,2024-01-16,98.11,3.0,663,1,0
55,MRA Bakery & Restaurant,2024-01-16,96.91,1.0,978,4,0
56,Turkey Central Restaurant,2024-01-16,92.99,4.0,835,3,0
57,Isaan,2024-01-17,32.03,5.0,13,4,0
58,La Mar by Gastón Acurio,2024-01-17,57.79,7.0,384,2,0
59,Ottoman Palace,2024-01-17,192.76,10.0,141,1,1
60,Nobu Doha,2024-01-17,145.59,8.0,794,5,0
61,Zaitoon Restaurant,2024-01-17,33.28,5.0,109,2,0
62,Shay Al Shomous,2024-01-17,73.96,6.0,91,2,0
63,MRA Bakery & Restaurant,2024-01-18,86.67,2.0,664,2,0
64,Nobu Doha,2024-01-19,86.96,2.0,837,1,1
65,Morimoto Doha,2024-01-19,129.99,7.0,327,1,1
66,Bayt El Talleh,2024-01-19,115.39,5.0,863,5,0
67,Palestine Cafeteria,2024-01-19,186.25,9.0,102,1,1
68,Idam,2024-01-21,181.63,,412,2,0
69,Zaitoon Restaurant,2024-01-21,146.49,1.0,543,4,1
70,Nobu Doha,2024-01-21,177.13,,545,5,0
71,Shay Al Shomous,2024-01-21,87.5,6.0,338,3,0
72,Turkey Central Restaurant,2024-01-21,86.07,3.0,198,1,1
73,Ziafat,2024-01-22,106.35,10.0,856,5,0
74,Sulaimani Tea Hub,2024-01-22,49.46,1.0,788,5,0
75,Isaan,2024-01-22,141.9,10.0,875,2,0
76,Pak Pakwan,2024-01-22,72.56,,738,4,0
77,Spice Market,2024-01-22,168.46,2.0,36,2,0
78,Nobu Doha,2024-01-22,190.38,8.0,988,3,0
79,Isaan,2024-01-23,188.97,10.0,995,2,0
80,Ziafat,2024-01-23,48.61,1.0,584,4,0
81,Morimoto Doha,2024-01-23,90.23,1.0,305,3,0
82,Turkey Central Restaurant,2024-01-23,162.96,,858,1,0
83,Zaitoon Restaurant,2024-01-23,104.4,8.0,890,2,0
84,Turkey Central Restaurant,2024-01-23,43.61,,293,2,0
85,Chotto Matte,2024-01-23,102.79,10.0,34,3,0
86,Hakkasan,2024-01-23,52.54,7.0,197,4,0
87,Tandoor Restaurant,2024-01-25,65.56,4.0,234,2,1
88,Nobu Doha,2024-01-25,157.66,4.0,640,3,0
89,Biryani Hut,2024-01-25,126.42,8.0,542,2,1
90,Afghan Brothers,2024-01-25,105.73,10.0,856,5,0
91,MRA Bakery & Restaurant,2024-01-26,183.24,,845,3,1
92,Isaan,2024-01-26,173.26,10.0,393,1,0
93,Nobu Doha,2024-01-26,69.99,8.0,97,3,0
94,Shay Al Shomous,2024-01-26,131.78,1.0,543,4,0
95,Spice Market,2024-01-26,111.16,1.0,360,2,1
96,Em Sherif Café,2024-01-27,70.69,,859,3,0
97,Rotana Restaurant,2024-01-27,76.99,5.0,879,1,0
98,Zaitoon Restaurant,2024-01-27,47.63,1.0,525,1,0
99,Rotana Restaurant,2024-01-27,105.62,1.0,472,2,0
100,Afghan Brothers,2024-01-27,146.19,7.0,837,3,0
101,Nobu Doha,2024-01-28,21.91,1.0,439,5,0
102,Pak Pakwan,2024-01-28,46.65,,765,1,1
103,Spice Market,2024-01-28,109.61,1.0,745,2,0
104,Morimoto Doha,2024-01-28,37.86,8.0,433,2,0
105,Palestine Cafeteria,2024-01-28,95.59,4.0,956,5,0
106,Spice Market,2024-01-29,31.62,6.0,34,3,0
107,Em Sherif Café,2024-01-29,85.71,8.0,715,1,0
108,Pak Pakwan,2024-01-30,98.1,1.0,864,5,1
109,Pak Pakwan,2024-01-30,36.86,8.0,280,4,0
110,Ziafat,2024-01-30,167.07,,250,4,0
111,MRA Bakery & Restaurant,2024-01-31,136.57,7.0,172,2,1
112,Morimoto Doha,2024-01-31,67.55,9.0,973,4,1
113,Afghan Brothers,2024-02-01,174.78,8.0,608,2,1
114,Pak Pakwan,2024-02-01,149.07,3.0,478,5,1
115,Spice Market,2024-02-01,22.87,6.0,714,2,0
116,MRA Bakery & Restaurant,2024-02-02,97.58,9.0,903,2,1
117,Spice Market,2024-02-02,137.07,3.0,222,5,0
118,Ottoman Palace,2024-02-02,119.51,7.0,320,2,1
119,Sulaimani Tea Hub,2024-02-02,96.88,5.0,208,2,1
120,Em Sherif Café,2024-02-02,102.99,7.0,159,2,0
121,Ziafat,2024-02-02,191.3,10.0,11,4,0
122,Morimoto Doha,2024-02-03,196.17,6.0,443,3,0
123,Idam,2024-02-03,168.91,8.0,399,4,0
124,Bandar Aden Restaurant,2024-02-03,129.03,2.0,224,1,0
125,Hakkasan,2024-02-03,157.65,10.0,762,4,0
126,Idam,2024-02-04,44.8,10.0,186,2,1
127,Ziafat,2024-02-04,33.34,9.0,528,5,0
128,Chotto Matte,2024-02-04,22.15,3.0,414,5,0
129,Rotana Restaurant,2024-02-04,25.34,3.0,980,2,0
130,Biryani Hut,2024-02-04,158.16,6.0,323,2,0
131,Rotana Restaurant,2024-02-05,101.08,3.0,174,3,0
132,Bayt El Talleh,2024-02-05,55.71,3.0,967,1,0
133,Nobu Doha,2024-02-05,66.07,1.0,360,1,0
134,Tandoor Restaurant,2024-02-06,176.43,6.0,581,1,1
135,Hakkasan,2024-02-06,44.07,10.0,786,3,0
136,Rotana Restaurant,2024-02-07,179.52,5.0,962,5,1
137,Sulaimani Tea Hub,2024-02-07,31.02,6.0,352,2,0
138,Afghan Brothers,2024-02-07,75.54,7.0,816,2,1
139,Turkey Central Restaurant,2024-02-08,191.33,3.0,753,4,0
140,Ottoman Palace,2024-02-08,24.54,2.0,47,4,1
141,Tandoor Restaurant,2024-02-08,175.87,1.0,14,3,0
142,Shay Al Shomous,2024-02-08,131.66,1.0,630,5,0
143,Biryani Hut,2024-02-08,61.15,6.0,823,4,0
144,Morimoto Doha,2024-02-08,119.93,,41,5,0
145,Shay Al Shomous,2024-02-09,122.3,3.0,484,2,0
146,Pak Pakwan,2024-02-09,84.43,,137,3,0
147,Chotto Matte,2024-02-10,140.36,10.0,429,2,0
148,Biryani Hut,2024-02-10,129.96,7.0,512,4,0
149,Bandar Aden Restaurant,2024-02-10,20.49,9.0,223,2,0
150,Pak Pakwan,2024-02-10,187.93,6.0,517,3,0
151,Ziafat,2024-02-11,69.07,2.0,367,1,1
152,Shay Al Shomous,2024-02-11,107.12,4.0,40,4,0
153,Idam,2024-02-11,41.39,7.0,883,1,1
154,MRA Bakery & Restaurant,2024-02-11,129.31,5.0,792,5,0
155,Sulaimani Tea Hub,2024-02-12,86.49,5.0,875,1,0
156,Zaitoon Restaurant,2024-02-12,30.76,9.0,852,4,0
157,Biryani Hut,2024-02-12,131.64,10.0,328,3,0
158,Biryani Hut,2024-02-12,27.77,3.0,442,2,0
159,Zaitoon Restaurant,2024-02-12,54.14,,78,1,0
160,Bandar Aden Restaurant,2024-02-12,179.57,10.0,117,2,1
161,Afghan Brothers,2024-02-12,135.15,6.0,223,4,0
162,Morimoto Doha,2024-02-13,59.81,9.0,873,3,0
163,Bandar Aden Restaurant,2024-02-13,87.93,,584,4,1
164,Nobu Doha,2024-02-13,173.12,2.0,663,1,0
165,Biryani Hut,2024-02-13,46.25,1.0,642,3,0
166,Bandar Aden Restaurant,2024-02-13,65.86,4.0,556,1,0
167,Ottoman Palace,2024-02-14,195.73,,39,2,0
168,Zaoq,2024-02-14,97.03,7.0,461,3,0
169,Palestine Cafeteria,2024-02-14,181.67,4.0,467,1,0
170,Ottoman Palace,2024-02-15,137.08,3.0,842,4,0
171,Biryani Hut,2024-02-16,151.39,7.0,727,2,1
172,Turkey Central Restaurant,2024-02-16,24.45,7.0,643,5,0
173,Em Sherif Café,2024-02-17,83.01,8.0,389,3,0
174,Bayt El Talleh,2024-02-17,25.4,10.0,103,2,0
175,Idam,2024-02-17,198.21,8.0,831,2,1
176,Shay Al Shomous,2024-02-17,195.39,7.0,743,2,0
177,Idam,2024-02-17,128.33,2.0,502,1,0
178,Bayt El Talleh,2024-02-17,34.87,2.0,862,4,0
179,Ziafat,2024-02-18,100.86,7.0,368,3,1
180,Sulaimani Tea Hub,2024-02-18,103.39,1.0,50,4,0
181,Turkey Central Restaurant,2024-02-18,32.35,7.0,525,1,1
182,Pak Pakwan,2024-02-18,47.44,,272,2,1
183,Em Sherif Café,2024-02-19,64.13,9.0,491,5,0
184,Bandar Aden Restaurant,2024-02-19,41.59,4.0,98,4,1
185,Morimoto Doha,2024-02-19,118.01,,77,1,0
186,Isaan,2024-02-20,143.35,3.0,716,3,0
187,MRA Bakery & Restaurant,2024-02-20,119.63,3.0,739,2,0
188,Morimoto Doha,2024-02-21,57.36,3.0,448,4,1
189,Ziafat,2024-02-21,30.95,8.0,840,5,1
190,Turkey Central Restaurant,2024-02-21,124.09,5.0,606,3,0
191,Ottoman Palace,2024-02-22,154.39,2.0,612,2,1
192,Sulaimani Tea Hub,2024-02-22,199.28,6.0,678,5,0
193,Ziafat,2024-02-22,124.21,,305,3,0
194,Spice Market,2024-02-22,194.93,,440,5,0
195,Ziafat,2024-02-22,89.8,8.0,785,2,0
196,Zaoq,2024-02-23,162.07,8.0,622,2,0
197,Afghan Brothers,2024-02-24,38.05,9.0,961,3,0
198,Morimoto Doha,2024-02-24,94.2,2.0,139,2,0
199,Zaitoon Restaurant,2024-02-24,48.7,6.0,551,3,0
200,Tandoor Restaurant,2024-02-24,54.36,5.0,987,5,0
201,Bandar Aden Restaurant,2024-02-25,43.57,5.0,921,3,1
202,Turkey Central Restaurant,2024-02-25,62.01,3.0,30,2,0
203,Bandar Aden Restaurant,2024-02-25,179.89,9.0,92,5,0
204,Turkey Central Restaurant,2024-02-25,140.79,5.0,347,5,1
205,Idam,2024-02-26,186.62,9.0,172,2,0
206,Ottoman Palace,2024-02-26,82.55,9.0,338,4,0
207,Zaitoon Restaurant,2024-02-26,151.59,7.0,668,1,0
208,Ziafat,2024-02-26,67.72,,595,3,0
209,Morimoto Doha,2024-02-26,80.56,8.0,801,1,0
210,Nobu Doha,2024-02-27,138.88,9.0,757,5,0
211,Pak Pakwan,2024-02-27,51.5,2.0,399,3,1
212,Tandoor Restaurant,2024-02-28,77.55,4.0,196,2,1
213,Em Sherif Café,2024-02-28,148.28,6.0,106,3,1
214,Tandoor Restaurant,2024-02-28,119.75,8.0,295,3,0
215,Ottoman Palace,2024-02-29,25.43,,148,3,0
216,Zaitoon Restaurant,2024-02-29,127.57,3.0,618,4,0
217,Isaan,2024-03-01,77.17,2.0,163,3,0
218,Bayt El Talleh,2024-03-01,53.58,3.0,98,5,1
219,Biryani Hut,2024-03-01,199.64,10.0,501,3,0
220,Biryani Hut,2024-03-01,47.83,9.0,382,4,1
221,Chotto Matte,2024-03-02,188.24,,943,4,1
222,Hakkasan,2024-03-02,40.48,4.0,999,4,1
223,Em Sherif Café,2024-03-02,167.37,5.0,327,4,0
224,Palestine Cafeteria,2024-03-03,98.61,8.0,574,2,0
225,Nobu Doha,2024-03-03,42.35,4.0,753,5,0
226,Ottoman Palace,2024-03-03,161.59,2.0,297,5,0
227,Biryani Hut,2024-03-03,99.75,2.0,190,2,1
228,Pak Pakwan,2024-03-03,68.83,5.0,68,1,0
229,Ziafat,2024-03-03,108.49,2.0,389,2,1
230,Spice Market,2024-03-03,169.5,7.0,247,2,0
231,Sulaimani Tea Hub,2024-03-03,123.81,6.0,421,2,0
232,Turkey Central Restaurant,2024-03-03,167.23,2.0,463,1,1
233,Bayt El Talleh,2024-03-04,136.88,,520,3,0
234,Spice Market,2024-03-04,74.78,9.0,964,5,0
235,Zaitoon Restaurant,2024-03-04,153.24,6.0,556,1,0
236,Zaitoon Restaurant,2024-03-04,80.22,1.0,527,5,0
237,Hakkasan,2024-03-05,40.26,4.0,364,2,0
238,Bandar Aden Restaurant,2024-03-06,118.91,6.0,130,5,0
239,Biryani Hut,2024-03-07,151.01,4.0,66,5,0
240,Ottoman Palace,2024-03-07,50.18,7.0,716,5,1
241,Chotto Matte,2024-03-07,46.35,3.0,822,2,0
242,Afghan Brothers,2024-03-07,47.0,9.0,809,2,1
243,Em Sherif Café,2024-03-07,38.46,2.0,601,1,0
244,Afghan Brothers,2024-03-07,55.94,,101,4,1
245,Spice Market,2024-03-08,61.74,8.0,106,5,0
246,Isaan,2024-03-08,166.68,6.0,541,1,0
247,Bandar Aden Restaurant,2024-03-08,119.81,1.0,166,4,0
248,Turkey Central Restaurant,2024-03-08,179.42,9.0,335,5,1
249,Palestine Cafeteria,2024-03-08,178.34,3.0,634,3,1
250,Spice Market,2024-03-09,108.53,,608,3,0
251,MRA Bakery & Restaurant,2024-03-09,174.31,10.0,710,3,0
252,Spice Market,2024-03-09,147.37,7.0,726,1,1
253,MRA Bakery & Restaurant,2024-03-09,56.47,2.0,935,2,0
254,Sulaimani Tea Hub,2024-03-09,194.17,2.0,383,1,0
255,Ottoman Palace,2024-03-09,122.15,2.0,546,5,1
256,Idam,2024-03-10,197.32,2.0,802,4,0
257,Bayt El Talleh,2024-03-10,21.52,2.0,717,4,1
258,Pak Pakwan,2024-03-10,88.43,10.0,852,1,1
259,Zaoq,2024-03-10,105.49,4.0,185,2,1
260,Isaan,2024-03-10,28.82,9.0,153,5,1
261,Em Sherif Café,2024-03-11,31.75,2.0,740,1,0
262,Bayt El Talleh,2024-03-11,173.95,8.0,268,3,1
263,Em Sherif Café,2024-03-12,142.64,4.0,589,4,0
264,Ziafat,2024-03-12,48.21,6.0,307,3,1
265,Hakkasan,2024-03-12,134.96,4.0,173,1,0
266,Afghan Brothers,2024-03-12,179.8,10.0,402,2,1
267,Spice Market,2024-03-13,63.92,4.0,692,1,1
268,Spice Market,2024-03-13,157.64,7.0,544,1,0
269,Pak Pakwan,2024-03-14,106.77,1.0,805,1,0
270,Isaan,2024-03-14,178.9,9.0,783,3,0
271,Pak Pakwan,2024-03-14,129.04,4.0,238,2,0
272,Morimoto Doha,2024-03-15,170.5,1.0,683,3,0
273,Rotana Restaurant,2024-03-15,21.28,2.0,382,3,0
274,Bayt El Talleh,2024-03-16,79.53,2.0,821,3,1
275,Bayt El Talleh,2024-03-16,75.27,6.0,291,1,0
276,Idam,2024-03-17,38.82,2.0,749,1,1
277,Pak Pakwan,2024-03-18,165.39,2.0,271,5,1
278,Tandoor Restaurant,2024-03-18,79.94,8.0,374,5,1
279,MRA Bakery & Restaurant,2024-03-18,100.2,5.0,810,1,0
280,Biryani Hut,2024-03-19,67.54,1.0,27,2,0
281,Chotto Matte,2024-03-19,165.24,10.0,309,2,0
282,Morimoto Doha,2024-03-19,171.26,10.0,671,1,1
283,Nobu Doha,2024-03-19,145.41,3.0,421,4,1
284,Ottoman Palace,2024-03-19,37.99,1.0,792,1,0
285,Palestine Cafeteria,2024-03-19,125.13,8.0,652,4,0
286,Biryani Hut,2024-03-20,138.57,9.0,810,1,1
287,Idam,2024-03-20,170.42,1.0,413,1,0
288,Zaoq,2024-03-20,93.85,2.0,428,4,0
289,Ziafat,2024-03-20,88.54,1.0,14,4,0
290,Turkey Central Restaurant,2024-03-20,87.9,8.0,735,2,1
291,Turkey Central Restaurant,2024-03-20,40.49,5.0,41,5,1
292,Palestine Cafeteria,2024-03-20,118.44,4.0,491,4,0
293,Ottoman Palace,2024-03-20,117.44,1.0,42,5,0
294,Pak Pakwan,2024-03-21,162.68,5.0,406,5,0
295,Shay Al Shomous,2024-03-22,46.18,1.0,166,1,0
296,Nobu Doha,2024-03-22,180.96,5.0,193,4,0
297,MRA Bakery & Restaurant,2024-03-22,35.69,8.0,980,1,0
298,Chotto Matte,2024-03-23,84.41,7.0,100,2,0
299,Idam,2024-03-23,50.93,5.0,876,5,0
300,MRA Bakery & Restaurant,2024-03-23,135.08,1.0,243,5,1
301,Zaoq,2024-03-23,74.43,2.0,498,5,0
302,Sulaimani Tea Hub,2024-03-23,29.87,8.0,88,4,0
303,Nobu Doha,2024-03-25,64.26,,270,3,0
304,Rotana Restaurant,2024-03-25,26.52,8.0,947,1,1
305,Nobu Doha,2024-03-25,183.38,,414,5,0
306,Rotana Restaurant,2024-03-25,115.52,6.0,398,1,0
307,Hakkasan,2024-03-25,32.43,7.0,993,1,0
308,Zaitoon Restaurant,2024-03-26,90.05,2.0,21,4,0
309,Afghan Brothers,2024-03-26,20.02,5.0,63,4,1
310,MRA Bakery & Restaurant,2024-03-26,120.79,1.0,300,1,0
311,Rotana Restaurant,2024-03-26,174.04,7.0,394,2,1
312,Rotana Restaurant,2024-03-26,62.49,,177,3,1
313,Biryani Hut,2024-03-26,164.31,7.0,775,3,0
314,Chotto Matte,2024-03-26,87.08,4.0,199,5,0
315,Isaan,2024-03-26,149.98,4.0,288,3,1
316,Shay Al Shomous,2024-03-27,40.77,10.0,222,3,1
317,MRA Bakery & Restaurant,2024-03-27,96.45,9.0,435,2,1
318,Nobu Doha,2024-03-27,106.39,2.0,253,2,0
319,La Mar by Gastón Acurio,2024-03-28,150.37,4.0,761,4,0
320,Morimoto Doha,2024-03-28,22.06,7.0,367,2,0
321,Pak Pakwan,2024-03-28,50.28,4.0,41,1,0
322,Biryani Hut,2024-03-29,88.87,3.0,164,2,1
323,Nobu Doha,2024-03-29,80.88,7.0,465,2,0
324,MRA Bakery & Restaurant,2024-03-29,106.0,4.0,512,1,0
325,Em Sherif Café,2024-03-29,102.44,10.0,601,1,0
326,Rotana Restaurant,2024-03-29,85.61,9.0,195,5,0
327,Sulaimani Tea Hub,2024-03-30,61.82,9.0,321,2,0
328,Chotto Matte,2024-03-30,106.12,2.0,700,1,0
329,MRA Bakery & Restaurant,2024-03-30,179.4,8.0,26,5,1
330,Hakkasan,2024-03-31,83.61,,827,1,0
331,Bandar Aden Restaurant,2024-04-01,22.13,8.0,451,1,0
332,Hakkasan,2024-04-02,83.63,8.0,678,2,1
333,Hakkasan,2024-04-02,176.03,7.0,921,3,1
334,Spice Market,2024-04-02,114.41,9.0,370,4,1
335,Morimoto Doha,2024-04-02,126.04,2.0,79,4,0
336,Rotana Restaurant,2024-04-03,68.88,1.0,498,5,0
337,Bandar Aden Restaurant,2024-04-03,94.36,7.0,997,2,1
338,Ottoman Palace,2024-04-03,193.34,4.0,51,2,1
339,Bayt El Talleh,2024-04-03,71.04,8.0,639,5,1
340,Tandoor Restaurant,2024-04-04,193.09,1.0,389,5,0
341,Hakkasan,2024-04-04,81.57,10.0,20,5,0
342,Spice Market,2024-04-04,192.05,2.0,581,3,1
343,Morimoto Doha,2024-04-05,133.92,6.0,604,1,0
344,MRA Bakery & Restaurant,2024-04-06,116.02,1.0,982,5,0
345,Tandoor Restaurant,2024-04-06,76.15,8.0,871,4,1
346,Isaan,2024-04-06,49.89,3.0,696,5,0
347,Isaan,2024-04-07,124.56,8.0,100,2,0
348,Em Sherif Café,2024-04-07,75.64,7.0,570,2,0
349,Bayt El Talleh,2024-04-08,176.28,10.0,509,2,1
350,Morimoto Doha,2024-04-08,20.52,9.0,461,1,0
351,MRA Bakery & Restaurant,2024-04-08,138.89,5.0,32,1,0
352,Nobu Doha,2024-04-08,120.05,4.0,219,3,1
353,La Mar by Gastón Acurio,2024-04-09,35.92,,619,4,1
354,Rotana Restaurant,2024-04-10,103.07,5.0,44,3,0
355,Afghan Brothers,2024-04-10,188.56,1.0,806,5,0
356,Hakkasan,2024-04-10,33.82,9.0,159,1,0
357,Afghan Brothers,2024-04-12,186.84,2.0,225,5,1
358,Zaoq,2024-04-13,173.06,,405,2,0
359,Zaitoon Restaurant,2024-04-13,141.37,3.0,248,3,0
360,Biryani Hut,2024-04-13,195.9,7.0,453,5,1
361,Idam,2024-04-13,29.44,8.0,706,4,0
362,Hakkasan,2024-04-13,47.59,,132,3,1
363,Ziafat,2024-04-14,23.39,7.0,467,3,1
364,Shay Al Shomous,2024-04-14,187.21,9.0,356,5,0
365,Biryani Hut,2024-04-14,38.4,10.0,663,5,0
366,Idam,2024-04-15,23.05,10.0,855,3,0
367,Biryani Hut,2024-04-15,157.79,3.0,525,3,0
368,Tandoor Restaurant,2024-04-16,145.53,9.0,443,4,0
369,Sulaimani Tea Hub,2024-04-17,163.51,7.0,55,3,0
370,Hakkasan,2024-04-17,173.38,5.0,71,5,0
371,La Mar by Gastón Acurio,2024-04-18,78.18,4.0,615,5,1
372,Nobu Doha,2024-04-18,143.94,7.0,938,3,1
373,Bayt El Talleh,2024-04-19,104.39,3.0,795,2,0
374,Isaan,2024-04-19,188.0,2.0,478,2,1
375,Idam,2024-04-21,98.37,9.0,248,5,0
376,Em Sherif Café,2024-04-22,195.87,6.0,137,1,0
377,Em Sherif Café,2024-04-22,66.54,9.0,761,4,0
378,Ottoman Palace,2024-04-22,93.01,3.0,201,4,1
379,Zaoq,2024-04-22,122.71,4.0,453,5,0
380,Zaitoon Restaurant,2024-04-22,53.04,3.0,106,3,0
381,Palestine Cafeteria,2024-04-22,77.41,,321,3,1
382,Rotana Restaurant,2024-04-23,156.6,1.0,786,3,0
383,Morimoto Doha,2024-04-23,193.41,1.0,196,5,1
384,Rotana Restaurant,2024-04-24,79.12,4.0,855,4,1
385,Tandoor Restaurant,2024-04-24,156.75,1.0,293,5,1
386,Zaoq,2024-04-24,131.68,6.0,390,5,0
387,Nobu Doha,2024-04-24,89.96,6.0,666,3,0
388,Shay Al Shomous,2024-04-25,41.46,8.0,114,1,0
389,Bandar Aden Restaurant,2024-04-25,52.91,3.0,659,2,0
390,Ziafat,2024-04-26,29.4,,932,3,0
391,Spice Market,2024-04-26,124.45,5.0,663,1,0
392,Tandoor Restaurant,2024-04-26,27.18,10.0,351,3,1
393,Rotana Restaurant,2024-04-26,27.68,3.0,616,2,0
394,Biryani Hut,2024-04-26,67.52,4.0,801,1,0
395,Afghan Brothers,2024-04-27,54.62,1.0,462,4,0
396,Pak Pakwan,2024-04-27,154.72,5.0,38,5,1
397,Palestine Cafeteria,2024-04-27,134.93,10.0,511,5,0
398,Chotto Matte,2024-04-28,153.71,5.0,69,1,1
399,Hakkasan,2024-04-29,87.33,3.0,463,1,0
400,Nobu Doha,2024-04-29,188.97,1.0,744,2,0
401,Rotana Restaurant,2024-04-30,91.71,8.0,284,3,0
402,Hakkasan,2024-04-30,62.6,5.0,619,3,1
403,Zaoq,2024-04-30,183.75,1.0,506,3,1
404,Afghan Brothers,2024-05-01,80.28,,733,5,1
405,Palestine Cafeteria,2024-05-01,173.13,3.0,327,2,1
406,Ziafat,2024-05-01,111.96,7.0,972,2,0
407,Hakkasan,2024-05-01,113.99,1.0,661,3,0
408,Bandar Aden Restaurant,2024-05-01,172.99,2.0,893,5,0
409,Chotto Matte,2024-05-01,42.77,1.0,122,4,1
410,Biryani Hut,2024-05-01,56.24,10.0,309,2,0
411,Em Sherif Café,2024-05-02,46.4,10.0,263,1,0
412,Palestine Cafeteria,2024-05-03,128.79,1.0,690,1,0
413,Chotto Matte,2024-05-03,99.7,9.0,345,5,1
414,La Mar by Gastón Acurio,2024-05-03,162.81,5.0,321,4,0
415,Shay Al Shomous,2024-05-03,131.96,4.0,316,3,0
416,Nobu Doha,2024-05-03,130.68,,821,2,0
417,Isaan,2024-05-04,55.27,2.0,407,1,0
418,Sulaimani Tea Hub,2024-05-04,87.84,6.0,752,5,0
419,Biryani Hut,2024-05-04,22.87,9.0,217,2,0
420,Hakkasan,2024-05-05,70.81,7.0,676,3,1
421,Afghan Brothers,2024-05-05,126.62,5.0,293,2,1
422,Biryani Hut,2024-05-06,169.68,6.0,193,5,0
423,Isaan,2024-05-06,117.02,,689,2,0
424,Morimoto Doha,2024-05-06,56.11,1.0,113,1,0
425,Palestine Cafeteria,2024-05-06,156.2,7.0,517,5,0
426,Palestine Cafeteria,2024-05-07,76.03,1.0,685,3,1
427,Ziafat,2024-05-07,23.98,6.0,218,3,0
428,Zaoq,2024-05-07,75.55,3.0,785,2,0
429,Zaoq,2024-05-09,183.58,1.0,209,1,0
430,Ottoman Palace,2024-05-09,56.42,,508,1,1
431,Em Sherif Café,2024-05-09,135.41,,577,2,0
432,Ziafat,2024-05-10,32.0,9.0,484,1,0
433,Afghan Brothers,2024-05-10,128.47,10.0,346,5,0
434,Turkey Central Restaurant,2024-05-11,60.42,8.0,626,4,0
435,Em Sherif Café,2024-05-12,38.32,5.0,931,3,1
436,Zaoq,2024-05-12,106.4,,476,4,0
437,Bayt El Talleh,2024-05-12,29.22,9.0,834,3,0
438,Isaan,2024-05-12,144.31,3.0,891,3,1
439,Pak Pakwan,2024-05-13,91.37,3.0,754,1,0
440,Spice Market,2024-05-13,186.47,6.0,497,2,0
441,Em Sherif Café,2024-05-14,52.39,,15,5,0
442,Shay Al Shomous,2024-05-14,30.43,4.0,518,1,1
443,La Mar by Gastón Acurio,2024-05-14,50.36,4.0,250,5,1
444,Turkey Central Restaurant,2024-05-14,158.0,1.0,754,3,1
445,MRA Bakery & Restaurant,2024-05-14,151.75,3.0,352,2,1
446,Ottoman Palace,2024-05-15,186.08,10.0,361,5,1
447,Bayt El Talleh,2024-05-16,162.14,3.0,3,4,0
448,Nobu Doha,2024-05-16,84.96,,941,5,0
449,Bayt El Talleh,2024-05-16,88.78,5.0,843,4,0
450,Zaoq,2024-05-17,126.56,6.0,717,5,0
451,Isaan,2024-05-17,21.55,4.0,656,2,1
452,Bayt El Talleh,2024-05-17,109.27,8.0,125,3,1
453,Zaoq,2024-05-17,140.22,8.0,958,3,1
454,Palestine Cafeteria,2024-05-17,20.56,2.0,994,4,0
455,Idam,2024-05-18,142.85,,25,1,0
456,Turkey Central Restaurant,2024-05-18,45.98,6.0,438,5,0
457,Spice Market,2024-05-19,81.41,9.0,469,2,0
458,Nobu Doha,2024-05-20,105.36,6.0,606,1,0
459,Zaitoon Restaurant,2024-05-21,132.35,7.0,363,2,1
460,Biryani Hut,2024-05-21,186.84,2.0,451,2,1
461,Ziafat,2024-05-21,102.87,4.0,597,5,0
462,Shay Al Shomous,2024-05-21,151.02,7.0,360,1,0
463,Spice Market,2024-05-21,186.56,,269,1,1
464,Nobu Doha,2024-05-21,115.21,4.0,946,1,0
465,Palestine Cafeteria,2024-05-22,120.55,2.0,450,2,1
466,Pak Pakwan,2024-05-22,34.61,8.0,782,1,0
467,Turkey Central Restaurant,2024-05-22,36.89,7.0,840,5,1
468,Biryani Hut,2024-05-23,178.02,6.0,927,5,1
469,Hakkasan,2024-05-23,44.56,6.0,397,4,0
470,Zaoq,2024-05-23,43.82,10.0,160,2,0
471,Hakkasan,2024-05-23,128.38,3.0,64,2,0
472,Tandoor Restaurant,2024-05-24,163.76,6.0,116,5,0
473,Tandoor Restaurant,2024-05-24,45.74,8.0,198,4,0
474,Em Sherif Café,2024-05-25,144.88,5.0,885,5,1
475,Turkey Central Restaurant,2024-05-26,86.3,1.0,645,2,0
476,Ziafat,2024-05-26,138.27,5.0,988,1,0
477,Isaan,2024-05-26,165.26,10.0,370,3,0
478,Ottoman Palace,2024-05-26,34.34,6.0,748,4,0
479,Bandar Aden Restaurant,2024-05-27,147.76,3.0,658,3,0
480,Palestine Cafeteria,2024-05-27,121.34,2.0,601,2,1
481,Rotana Restaurant,2024-05-27,154.41,7.0,433,1,1
482,MRA Bakery & Restaurant,2024-05-27,56.47,4.0,644,5,0
483,Ziafat,2024-05-27,135.81,6.0,187,5,0
484,La Mar by Gastón Acurio,2024-05-27,162.65,7.0,667,5,1
485,Pak Pakwan,2024-05-28,75.57,7.0,128,1,1
486,Ziafat,2024-05-28,158.33,5.0,784,4,1
487,Shay Al Shomous,2024-05-29,137.25,5.0,895,1,1
488,Pak Pakwan,2024-05-29,134.31,6.0,387,5,0
489,Nobu Doha,2024-05-29,163.27,7.0,5,4,0
490,Palestine Cafeteria,2024-05-30,115.4,5.0,600,5,1
491,Sulaimani Tea Hub,2024-05-30,23.83,8.0,687,3,1
492,Shay Al Shomous,2024-05-30,172.82,5.0,961,3,0
493,Zaoq,2024-05-30,145.35,5.0,125,5,0
494,MRA Bakery & Restaurant,2024-05-30,77.98,10.0,10,4,0
495,Zaitoon Restaurant,2024-05-30,33.14,,484,4,1
496,Bandar Aden Restaurant,2024-05-30,135.96,2.0,550,3,0
497,Spice Market,2024-05-31,142.53,6.0,284,2,0
498,Em Sherif Café,2024-05-31,39.51,10.0,635,2,0
499,MRA Bakery & Restaurant,2024-05-31,199.9,10.0,3,4,1
500,Rotana Restaurant,2024-05-31,82.93,7.0,93,4,1
501,Bandar Aden Restaurant,2024-06-01,89.4,1.0,806,5,0
502,Isaan,2024-06-01,26.65,6.0,37,1,0
503,Zaitoon Restaurant,2024-06-01,186.54,2.0,85,1,1
504,Shay Al Shomous,2024-06-01,127.04,5.0,148,1,0
505,Hakkasan,2024-06-02,114.8,6.0,549,3,0
506,Zaoq,2024-06-02,102.48,9.0,502,3,0
507,Zaitoon Restaurant,2024-06-02,88.84,3.0,254,3,1
508,Bayt El Talleh,2024-06-02,184.66,7.0,556,1,1
509,Rotana Restaurant,2024-06-02,87.72,3.0,99,2,0
510,Hakkasan,2024-06-02,154.0,1.0,828,4,0
511,Turkey Central Restaurant,2024-06-03,42.03,10.0,481,3,0
512,Biryani Hut,2024-06-03,73.45,3.0,449,1,0
513,Sulaimani Tea Hub,2024-06-03,123.61,7.0,586,2,1
514,Isaan,2024-06-03,102.16,6.0,941,1,1
515,Isaan,2024-06-04,95.14,4.0,874,2,0
516,La Mar by Gastón Acurio,2024-06-04,88.8,9.0,715,4,0
517,Turkey Central Restaurant,2024-06-04,196.66,5.0,939,3,0
518,Zaitoon Restaurant,2024-06-04,37.52,5.0,51,5,1
519,Morimoto Doha,2024-06-05,164.19,,472,3,0
520,Biryani Hut,2024-06-05,42.92,6.0,721,1,0
521,Bandar Aden Restaurant,2024-06-05,105.59,5.0,308,3,1
522,Sulaimani Tea Hub,2024-06-05,62.5,2.0,65,2,0
523,Tandoor Restaurant,2024-06-05,182.07,4.0,288,4,1
524,MRA Bakery & Restaurant,2024-06-06,107.37,10.0,873,4,0
525,Sulaimani Tea Hub,2024-06-07,176.24,2.0,684,4,0
526,Zaoq,2024-06-07,82.8,10.0,340,2,1
527,Tandoor Restaurant,2024-06-07,91.78,8.0,932,5,0
528,Palestine Cafeteria,2024-06-08,75.82,9.0,668,3,0
529,Spice Market,2024-06-08,101.77,8.0,621,5,1
530,Shay Al Shomous,2024-06-08,196.44,8.0,946,5,0
531,Idam,2024-06-08,149.08,5.0,599,5,0
532,Ziafat,2024-06-08,95.31,4.0,463,1,0
533,Tandoor Restaurant,2024-06-08,149.21,1.0,383,3,0
534,Em Sherif Café,2024-06-08,161.21,5.0,796,4,0
535,Ottoman Palace,2024-06-09,183.31,3.0,989,1,1
536,Morimoto Doha,2024-06-09,93.88,5.0,154,2,1
537,Turkey Central Restaurant,2024-06-09,177.74,3.0,590,2,0
538,Palestine Cafeteria,2024-06-09,106.59,8.0,748,1,0
539,Ziafat,2024-06-10,66.79,7.0,905,5,1
540,Ziafat,2024-06-11,57.07,2.0,548,1,0
541,Biryani Hut,2024-06-11,51.7,8.0,847,4,1
542,Nobu Doha,2024-06-11,177.82,,400,3,0
543,Idam,2024-06-11,63.67,5.0,941,3,1
544,Morimoto Doha,2024-06-11,135.33,3.0,102,4,0
545,Turkey Central Restaurant,2024-06-12,107.57,2.0,117,5,0
546,Ziafat,2024-06-12,123.88,,332,2,1
547,Hakkasan,2024-06-13,95.39,7.0,354,3,1
548,Sulaimani Tea Hub,2024-06-13,69.26,,490,4,0
549,Rotana Restaurant,2024-06-14,88.62,10.0,245,3,0
550,Zaitoon Restaurant,2024-06-14,193.43,10.0,564,4,0
551,Biryani Hut,2024-06-15,40.94,6.0,449,1,0
552,Shay Al Shomous,2024-06-15,144.36,5.0,711,5,1
553,Bandar Aden Restaurant,2024-06-16,57.43,10.0,954,1,0
554,La Mar by Gastón Acurio,2024-06-16,189.28,3.0,473,4,1
555,Bandar Aden Restaurant,2024-06-16,158.97,2.0,548,3,0
556,Shay Al Shomous,2024-06-16,175.35,7.0,393,4,1
557,Tandoor Restaurant,2024-06-17,34.52,7.0,328,1,0
558,Turkey Central Restaurant,2024-06-17,119.92,5.0,834,5,0
559,Biryani Hut,2024-06-17,180.57,10.0,216,2,0
560,Nobu Doha,2024-06-17,91.02,9.0,565,3,0
561,Shay Al Shomous,2024-06-17,156.19,8.0,456,4,1
562,Nobu Doha,2024-06-18,36.09,3.0,479,2,1
563,Rotana Restaurant,2024-06-18,49.42,9.0,876,4,0
564,MRA Bakery & Restaurant,2024-06-18,84.07,9.0,913,2,0
565,Idam,2024-06-18,40.91,8.0,808,3,0
566,Ottoman Palace,2024-06-18,38.55,4.0,756,3,1
567,Chotto Matte,2024-06-18,51.05,4.0,62,2,0
568,Chotto Matte,2024-06-20,116.09,7.0,359,5,0
569,Palestine Cafeteria,2024-06-20,123.26,10.0,524,4,0
570,La Mar by Gastón Acurio,2024-06-20,124.75,9.0,185,1,0
571,Ziafat,2024-06-20,102.31,7.0,737,2,1
572,Bayt El Talleh,2024-06-20,67.84,9.0,887,3,1
573,Nobu Doha,2024-06-21,23.81,5.0,24,1,1
574,MRA Bakery & Restaurant,2024-06-21,97.6,4.0,371,2,1
575,Ottoman Palace,2024-06-21,101.56,4.0,964,1,0
576,Spice Market,2024-06-22,113.02,5.0,554,3,0
577,Biryani Hut,2024-06-22,43.51,2.0,497,2,1
578,Pak Pakwan,2024-06-22,185.73,3.0,171,4,0
579,Ziafat,2024-06-22,38.11,4.0,575,2,0
580,Idam,2024-06-23,117.2,7.0,734,3,0
581,Isaan,2024-06-23,156.29,6.0,983,3,1
582,Afghan Brothers,2024-06-23,141.69,5.0,480,2,1
583,Bayt El Talleh,2024-06-23,140.32,,856,5,0
584,Em Sherif Café,2024-06-24,140.86,1.0,896,3,0
585,Pak Pakwan,2024-06-25,177.21,10.0,852,2,0
586,Pak Pakwan,2024-06-25,140.16,6.0,175,4,0
587,La Mar by Gastón Acurio,2024-06-26,98.26,9.0,952,2,1
588,Spice Market,2024-06-26,105.54,3.0,72,2,1
589,Isaan,2024-06-27,158.58,3.0,996,3,0
590,La Mar by Gastón Acurio,2024-06-27,90.59,4.0,426,5,0
591,Bandar Aden Restaurant,2024-06-28,52.6,9.0,630,2,1
592,Em Sherif Café,2024-06-28,178.72,10.0,595,4,0
593,Isaan,2024-06-28,111.2,4.0,936,4,0
594,Palestine Cafeteria,2024-06-28,73.53,4.0,213,5,0
595,La Mar by Gastón Acurio,2024-06-29,40.25,7.0,229,3,0
596,Biryani Hut,2024-06-29,21.97,6.0,411,5,0
597,Sulaimani Tea Hub,2024-06-29,164.26,7.0,844,4,1
598,Spice Market,2024-06-29,98.64,4.0,692,3,0
599,Chotto Matte,2024-06-30,75.2,10.0,363,5,0
600,Morimoto Doha,2024-07-01,148.61,9.0,833,2,0
601,Shay Al Shomous,2024-07-01,25.28,8.0,530,2,0
602,Bayt El Talleh,2024-07-02,61.47,5.0,427,1,0
603,Chotto Matte,2024-07-02,24.98,2.0,423,5,0
604,Ottoman Palace,2024-07-02,82.58,8.0,257,3,0
605,Isaan,2024-07-02,158.95,,235,3,0
606,Afghan Brothers,2024-07-02,88.79,,26,3,1
607,Ottoman Palace,2024-07-03,25.67,9.0,715,1,0
608,Zaoq,2024-07-03,34.71,10.0,928,1,0
609,Ottoman Palace,2024-07-03,75.97,7.0,440,3,0
610,MRA Bakery & Restaurant,2024-07-04,145.07,5.0,296,1,1
611,Chotto Matte,2024-07-04,82.68,6.0,578,5,0
612,Spice Market,2024-07-04,77.72,10.0,80,2,0
613,Shay Al Shomous,2024-07-04,190.71,8.0,463,5,0
614,Pak Pakwan,2024-07-05,44.23,3.0,526,1,0
615,Zaitoon Restaurant,2024-07-05,169.95,8.0,327,1,1
616,Ziafat,2024-07-06,28.79,10.0,839,1,0
617,Rotana Restaurant,2024-07-06,116.61,6.0,234,5,0
618,Isaan,2024-07-06,179.77,8.0,384,4,1
619,Ziafat,2024-07-07,162.59,4.0,593,1,0
620,Palestine Cafeteria,2024-07-07,88.75,3.0,314,3,1
621,Ziafat,2024-07-08,55.11,1.0,248,3,0
622,Sulaimani Tea Hub,2024-07-08,99.31,7.0,299,1,1
623,Bandar Aden Restaurant,2024-07-08,144.04,9.0,196,2,1
624,Ottoman Palace,2024-07-08,89.71,5.0,194,3,0
625,Turkey Central Restaurant,2024-07-09,53.57,7.0,2,1,0
626,Rotana Restaurant,2024-07-09,175.51,4.0,351,4,0
627,Afghan Brothers,2024-07-09,128.99,,677,3,0
628,Morimoto Doha,2024-07-09,102.8,6.0,708,4,0
629,Pak Pakwan,2024-07-10,95.78,1.0,576,2,0
630,Afghan Brothers,2024-07-10,154.18,10.0,996,5,0
631,Palestine Cafeteria,2024-07-10,116.41,9.0,879,4,0
632,Bayt El Talleh,2024-07-10,154.88,2.0,441,1,1
633,Ziafat,2024-07-11,29.94,1.0,557,2,1
634,Chotto Matte,2024-07-11,169.51,5.0,355,3,0
635,Ottoman Palace,2024-07-11,131.2,2.0,377,1,1
636,Ziafat,2024-07-12,183.68,8.0,256,3,0
637,Pak Pakwan,2024-07-12,33.38,6.0,220,3,0
638,Pak Pakwan,2024-07-12,54.27,2.0,170,1,0
639,Morimoto Doha,2024-07-13,101.75,2.0,562,1,1
640,Ziafat,2024-07-13,95.5,,790,1,0
641,Zaitoon Restaurant,2024-07-13,138.12,9.0,866,5,0
642,Ziafat,2024-07-13,95.87,1.0,665,1,1
643,Biryani Hut,2024-07-14,178.8,8.0,537,4,0
644,MRA Bakery & Restaurant,2024-07-14,28.92,1.0,824,4,0
645,Shay Al Shomous,2024-07-15,99.71,,169,4,0
646,Bandar Aden Restaurant,2024-07-15,181.54,7.0,739,5,1
647,Bayt El Talleh,2024-07-15,174.19,,96,2,0
648,MRA Bakery & Restaurant,2024-07-16,103.92,7.0,775,4,0
649,Isaan,2024-07-16,172.87,,224,1,0
650,Nobu Doha,2024-07-17,135.68,6.0,112,1,0
651,Pak Pakwan,2024-07-17,27.1,6.0,956,2,0
652,Turkey Central Restaurant,2024-07-18,192.26,5.0,788,3,1
653,Sulaimani Tea Hub,2024-07-18,127.17,5.0,511,4,1
654,Ziafat,2024-07-18,24.93,9.0,297,4,0
655,Isaan,2024-07-19,198.28,,996,1,0
656,Tandoor Restaurant,2024-07-19,182.4,8.0,777,1,1
657,La Mar by Gastón Acurio,2024-07-19,20.06,3.0,754,3,0
658,Ziafat,2024-07-20,78.79,6.0,764,5,0
659,Rotana Restaurant,2024-07-21,178.84,1.0,145,1,0
660,Ottoman Palace,2024-07-21,108.88,8.0,259,5,0
661,Turkey Central Restaurant,2024-07-22,135.32,8.0,554,4,0
662,Pak Pakwan,2024-07-22,36.61,10.0,945,2,1
663,Em Sherif Café,2024-07-23,91.12,8.0,865,1,0
664,Pak Pakwan,2024-07-23,161.84,9.0,972,3,1
665,Spice Market,2024-07-23,89.52,6.0,975,1,0
666,Nobu Doha,2024-07-24,52.01,10.0,833,4,1
667,Hakkasan,2024-07-24,91.54,7.0,37,1,0
668,Ottoman Palace,2024-07-24,85.75,5.0,555,4,0
669,Spice Market,2024-07-24,178.39,5.0,134,4,0
670,Isaan,2024-07-25,91.25,7.0,499,1,0
671,Palestine Cafeteria,2024-07-25,108.86,5.0,931,4,1
672,Em Sherif Café,2024-07-25,59.87,4.0,135,1,0
673,Shay Al Shomous,2024-07-28,126.92,2.0,523,2,0
674,Spice Market,2024-07-28,189.17,,246,2,1
675,Morimoto Doha,2024-07-29,89.15,7.0,489,5,0
676,MRA Bakery & Restaurant,2024-07-29,63.91,3.0,428,3,0
677,Em Sherif Café,2024-07-30,122.49,2.0,829,1,0
678,Idam,2024-07-30,178.14,,749,3,1
679,Rotana Restaurant,2024-07-30,99.66,9.0,714,3,1
680,Spice Market,2024-07-30,105.41,3.0,301,2,0
681,Sulaimani Tea Hub,2024-07-30,34.47,9.0,34,4,0
682,Tandoor Restaurant,2024-07-30,183.34,3.0,910,3,0
683,Ottoman Palace,2024-07-30,136.7,4.0,878,2,1
684,Bayt El Talleh,2024-07-30,181.1,1.0,997,5,0
685,Nobu Doha,2024-07-31,61.11,8.0,451,5,0
686,La Mar by Gastón Acurio,2024-07-31,114.85,4.0,754,4,0
687,Tandoor Restaurant,2024-07-31,83.15,8.0,105,2,0
688,La Mar by Gastón Acurio,2024-07-31,99.94,5.0,794,1,1
689,Turkey Central Restaurant,2024-07-31,178.78,5.0,365,1,0
690,Em Sherif Café,2024-07-31,159.37,3.0,383,2,0
691,Zaitoon Restaurant,2024-07-31,198.82,8.0,429,4,0
692,MRA Bakery & Restaurant,2024-08-01,154.4,9.0,488,2,0
693,Bayt El Talleh,2024-08-01,99.07,6.0,725,1,0
694,Rotana Restaurant,2024-08-01,126.04,10.0,845,4,1
695,Nobu Doha,2024-08-01,95.43,10.0,650,1,0
696,Biryani Hut,2024-08-01,143.9,6.0,421,5,0
697,Zaoq,2024-08-01,73.07,10.0,366,3,1
698,Spice Market,2024-08-01,145.69,8.0,935,4,0
699,Ziafat,2024-08-01,127.82,2.0,842,2,1
700,La Mar by Gastón Acurio,2024-08-02,39.62,8.0,295,3,0
701,La Mar by Gastón Acurio,2024-08-02,90.68,8.0,587,4,0
702,Rotana Restaurant,2024-08-02,113.06,6.0,370,4,0
703,Ziafat,2024-08-02,157.94,,121,4,0
704,Zaoq,2024-08-03,91.66,5.0,752,1,1
705,Chotto Matte,2024-08-03,59.09,4.0,377,1,1
706,Morimoto Doha,2024-08-03,194.87,4.0,172,2,1
707,Chotto Matte,2024-08-03,58.21,4.0,478,1,0
708,Spice Market,2024-08-04,182.88,6.0,803,4,1
709,Bandar Aden Restaurant,2024-08-04,55.1,,524,5,1
710,Morimoto Doha,2024-08-05,87.88,2.0,531,1,0
711,Ottoman Palace,2024-08-05,111.16,9.0,32,4,1
712,Afghan Brothers,2024-08-05,151.82,1.0,481,3,0
713,Biryani Hut,2024-08-06,142.95,6.0,671,4,0
714,Tandoor Restaurant,2024-08-06,23.96,1.0,167,1,1
715,Isaan,2024-08-06,179.96,8.0,184,2,1
716,Sulaimani Tea Hub,2024-08-07,116.7,9.0,594,5,1
717,MRA Bakery & Restaurant,2024-08-08,194.6,1.0,778,2,0
718,Sulaimani Tea Hub,2024-08-08,57.34,6.0,528,1,0
719,Sulaimani Tea Hub,2024-08-08,114.9,10.0,714,3,0
720,Em Sherif Café,2024-08-09,175.36,,16,2,0
721,La Mar by Gastón Acurio,2024-08-10,81.83,2.0,422,4,0
722,Sulaimani Tea Hub,2024-08-10,96.2,8.0,333,1,0
723,Nobu Doha,2024-08-11,169.23,3.0,439,5,1
724,Palestine Cafeteria,2024-08-11,184.52,2.0,106,4,0
725,Spice Market,2024-08-11,35.23,4.0,122,1,0
726,Ottoman Palace,2024-08-11,54.53,7.0,976,1,1
727,Sulaimani Tea Hub,2024-08-12,147.07,1.0,99,3,0
728,Spice Market,2024-08-12,50.66,1.0,852,2,1
729,Nobu Doha,2024-08-12,155.22,6.0,63,4,0
730,Nobu Doha,2024-08-12,72.71,8.0,106,4,0
731,Turkey Central Restaurant,2024-08-13,183.33,9.0,497,4,1
732,Zaitoon Restaurant,2024-08-13,55.05,,864,3,0
733,Pak Pakwan,2024-08-13,145.21,2.0,194,2,0
734,Zaoq,2024-08-14,80.37,5.0,574,1,0
735,Bayt El Talleh,2024-08-15,32.38,6.0,476,3,0
736,Rotana Restaurant,2024-08-15,43.48,4.0,174,3,1
737,Zaoq,2024-08-16,180.77,2.0,711,3,0
738,Pak Pakwan,2024-08-16,162.53,10.0,562,5,0
739,Pak Pakwan,2024-08-16,191.71,,114,4,1
740,Isaan,2024-08-17,168.62,10.0,810,3,0
741,Spice Market,2024-08-17,43.67,,228,4,1
742,Ziafat,2024-08-18,39.74,8.0,688,1,0
743,Isaan,2024-08-18,88.4,6.0,812,5,0
744,La Mar by Gastón Acurio,2024-08-18,86.74,9.0,186,4,0
745,Bandar Aden Restaurant,2024-08-19,117.84,9.0,361,1,1
746,Chotto Matte,2024-08-20,102.16,5.0,490,4,1
747,Ottoman Palace,2024-08-20,160.41,4.0,440,4,0
748,Bandar Aden Restaurant,2024-08-20,95.17,5.0,411,3,0
749,Shay Al Shomous,2024-08-20,193.4,4.0,977,4,1
750,Bandar Aden Restaurant,2024-08-20,198.16,2.0,683,4,0
751,Ziafat,2024-08-21,94.73,3.0,456,2,0
752,Bandar Aden Restaurant,2024-08-21,46.88,1.0,23,5,0
753,Biryani Hut,2024-08-21,123.86,4.0,293,2,0
754,Sulaimani Tea Hub,2024-08-21,188.18,3.0,796,3,0
755,Bandar Aden Restaurant,2024-08-22,156.73,6.0,77,1,0
756,Tandoor Restaurant,2024-08-22,92.78,1.0,593,2,0
757,Ziafat,2024-08-22,161.72,8.0,978,5,0
758,Nobu Doha,2024-08-23,183.52,1.0,448,5,0
759,Ottoman Palace,2024-08-23,105.63,9.0,715,3,1
760,Idam,2024-08-24,118.51,2.0,319,4,0
761,La Mar by Gastón Acurio,2024-08-24,52.23,,856,5,0
762,Hakkasan,2024-08-24,37.82,9.0,691,3,0
763,Turkey Central Restaurant,2024-08-25,33.9,6.0,644,3,0
764,La Mar by Gastón Acurio,2024-08-25,120.42,4.0,850,2,1
765,Ziafat,2024-08-25,77.19,,592,4,0
766,Spice Market,2024-08-26,80.49,5.0,66,2,0
767,Palestine Cafeteria,2024-08-26,151.88,4.0,617,1,0
768,MRA Bakery & Restaurant,2024-08-26,189.71,7.0,558,1,0
769,Palestine Cafeteria,2024-08-26,174.73,4.0,893,4,0
770,Hakkasan,2024-08-26,150.93,2.0,566,4,1
771,Nobu Doha,2024-08-26,153.53,6.0,476,2,0
772,Sulaimani Tea Hub,2024-08-26,51.2,8.0,207,5,0
773,Sulaimani Tea Hub,2024-08-27,23.17,7.0,695,4,0
774,Bayt El Talleh,2024-08-27,143.85,9.0,103,1,1
775,La Mar by Gastón Acurio,2024-08-27,164.3,3.0,855,4,1
776,Idam,2024-08-28,194.88,5.0,66,2,0
777,MRA Bakery & Restaurant,2024-08-28,160.84,5.0,351,4,0
778,Rotana Restaurant,2024-08-28,76.64,1.0,675,5,0
779,Afghan Brothers,2024-08-28,23.94,,779,3,1
780,Palestine Cafeteria,2024-08-28,189.15,8.0,418,1,0
781,Biryani Hut,2024-08-28,29.38,5.0,420,3,0
782,Hakkasan,2024-08-29,186.81,4.0,857,3,0
783,Palestine Cafeteria,2024-08-29,63.36,6.0,288,1,1
784,Nobu Doha,2024-08-30,124.85,2.0,616,4,1
785,Pak Pakwan,2024-08-30,57.97,3.0,948,4,0
786,Isaan,2024-08-31,34.04,5.0,114,2,0
787,Shay Al Shomous,2024-08-31,145.11,8.0,903,5,0
788,Morimoto Doha,2024-08-31,182.46,4.0,344,3,1
789,Isaan,2024-09-01,71.71,5.0,265,3,0
790,Palestine Cafeteria,2024-09-01,186.45,3.0,398,4,0
791,Ziafat,2024-09-01,123.62,6.0,766,4,0
792,Bayt El Talleh,2024-09-01,105.82,3.0,672,4,0
793,Zaoq,2024-09-02,74.65,3.0,906,3,0
794,Shay Al Shomous,2024-09-02,161.42,10.0,61,5,1
795,Zaoq,2024-09-02,36.46,3.0,20,1,0
796,Hakkasan,2024-09-02,49.65,9.0,461,1,0
797,Sulaimani Tea Hub,2024-09-03,87.64,10.0,862,3,0
798,Em Sherif Café,2024-09-03,59.24,,147,1,0
799,Palestine Cafeteria,2024-09-03,40.26,2.0,944,2,1
800,Pak Pakwan,2024-09-06,149.93,5.0,667,1,0
801,Ziafat,2024-09-06,146.78,1.0,869,2,1
802,Bandar Aden Restaurant,2024-09-07,46.32,9.0,486,2,0
803,Pak Pakwan,2024-09-07,41.69,2.0,380,1,1
804,Bandar Aden Restaurant,2024-09-07,146.34,2.0,262,1,0
805,Morimoto Doha,2024-09-07,101.7,8.0,410,2,1
806,Em Sherif Café,2024-09-07,80.41,4.0,328,5,0
807,Rotana Restaurant,2024-09-08,116.92,6.0,806,1,1
808,Hakkasan,2024-09-09,119.07,7.0,254,4,1
809,Hakkasan,2024-09-09,58.94,5.0,469,3,0
810,Em Sherif Café,2024-09-09,134.59,3.0,417,5,0
811,Sulaimani Tea Hub,2024-09-09,162.72,8.0,628,3,0
812,La Mar by Gastón Acurio,2024-09-10,150.9,1.0,599,1,0
813,Nobu Doha,2024-09-10,84.02,8.0,350,5,0
814,Zaitoon Restaurant,2024-09-10,137.84,5.0,166,3,1
815,Rotana Restaurant,2024-09-11,62.17,10.0,238,1,1
816,Tandoor Restaurant,2024-09-11,189.0,4.0,623,4,1
817,Morimoto Doha,2024-09-11,72.44,7.0,626,5,0
818,Palestine Cafeteria,2024-09-12,62.89,7.0,210,4,1
819,Turkey Central Restaurant,2024-09-12,161.64,4.0,726,3,0
820,Chotto Matte,2024-09-13,33.32,10.0,186,2,0
821,Afghan Brothers,2024-09-13,49.46,4.0,543,1,1
822,Chotto Matte,2024-09-13,60.38,,627,2,0
823,La Mar by Gastón Acurio,2024-09-13,115.51,6.0,643,5,1
824,Zaoq,2024-09-13,36.54,3.0,706,2,1
825,Palestine Cafeteria,2024-09-13,60.42,4.0,277,2,0
826,Shay Al Shomous,2024-09-14,70.7,5.0,980,5,1
827,Zaoq,2024-09-14,152.86,9.0,376,5,1
828,Afghan Brothers,2024-09-14,103.6,4.0,290,5,0
829,MRA Bakery & Restaurant,2024-09-14,103.32,8.0,365,1,1
830,Zaitoon Restaurant,2024-09-14,156.15,3.0,177,4,0
831,Chotto Matte,2024-09-15,46.24,5.0,146,5,0
832,Sulaimani Tea Hub,2024-09-16,163.75,7.0,421,3,0
833,Ottoman Palace,2024-09-16,81.08,2.0,863,1,0
834,Zaoq,2024-09-16,74.82,9.0,974,5,0
835,Isaan,2024-09-17,197.19,1.0,424,5,0
836,Hakkasan,2024-09-18,119.72,4.0,631,4,1
837,Bayt El Talleh,2024-09-18,137.34,3.0,672,5,0
838,Chotto Matte,2024-09-18,107.64,1.0,389,1,0
839,Spice Market,2024-09-19,119.54,2.0,504,1,0
840,Zaitoon Restaurant,2024-09-19,31.48,9.0,477,1,0
841,Ziafat,2024-09-19,155.48,2.0,342,4,1
842,Nobu Doha,2024-09-19,98.36,2.0,501,2,1
843,Bandar Aden Restaurant,2024-09-20,39.93,5.0,765,1,0
844,Em Sherif Café,2024-09-21,123.57,6.0,956,2,1
845,Tandoor Restaurant,2024-09-21,67.95,3.0,71,3,1
846,Spice Market,2024-09-21,91.81,8.0,643,5,0
847,Turkey Central Restaurant,2024-09-21,87.83,4.0,47,5,0
848,Rotana Restaurant,2024-09-22,45.62,7.0,751,2,1
849,Palestine Cafeteria,2024-09-23,57.13,8.0,995,2,0
850,Zaitoon Restaurant,2024-09-24,154.92,1.0,802,4,0
851,Chotto Matte,2024-09-24,127.9,2.0,567,3,0
852,Ottoman Palace,2024-09-25,159.12,6.0,570,2,0
853,Shay Al Shomous,2024-09-25,45.9,,280,1,0
854,Ziafat,2024-09-25,25.94,6.0,713,1,0
855,Pak Pakwan,2024-09-25,189.91,9.0,634,5,1
856,Ottoman Palace,2024-09-26,145.08,8.0,721,3,0
857,Ziafat,2024-09-26,115.04,6.0,202,2,0
858,Palestine Cafeteria,2024-09-27,84.77,7.0,811,5,0
859,Palestine Cafeteria,2024-09-27,86.54,5.0,704,5,0
860,Hakkasan,2024-09-27,113.42,4.0,383,4,0
861,Biryani Hut,2024-09-27,140.25,5.0,579,3,0
862,Spice Market,2024-09-27,74.05,10.0,537,2,1
863,Bayt El Talleh,2024-09-27,113.06,9.0,837,1,0
864,Ottoman Palace,2024-09-28,154.44,2.0,806,5,0
865,Rotana Restaurant,2024-09-28,184.97,5.0,469,1,0
866,Zaitoon Restaurant,2024-09-28,193.83,6.0,114,2,0
867,Ziafat,2024-09-30,122.38,,123,4,1
868,Sulaimani Tea Hub,2024-09-30,122.62,1.0,550,2,0
869,Sulaimani Tea Hub,2024-09-30,165.86,4.0,300,5,0
870,Spice Market,2024-10-01,112.01,5.0,402,5,0
871,Biryani Hut,2024-10-01,56.45,10.0,980,1,0
872,Nobu Doha,2024-10-01,54.48,3.0,97,4,0
873,Afghan Brothers,2024-10-01,121.79,9.0,668,1,0
874,Spice Market,2024-10-01,125.11,2.0,38,5,1
875,Zaoq,2024-10-01,144.93,3.0,699,5,0
876,Palestine Cafeteria,2024-10-02,183.01,4.0,201,2,0
877,Morimoto Doha,2024-10-02,43.39,7.0,793,2,0
878,Rotana Restaurant,2024-10-02,180.15,7.0,308,3,0
879,Chotto Matte,2024-10-02,125.55,7.0,405,3,0
880,Pak Pakwan,2024-10-02,56.48,10.0,171,3,0
881,Shay Al Shomous,2024-10-02,151.9,2.0,805,1,0
882,Zaoq,2024-10-03,147.98,5.0,60,3,0
883,Zaoq,2024-10-03,171.69,,914,5,1
884,Zaoq,2024-10-03,69.96,1.0,749,1,0
885,Nobu Doha,2024-10-03,57.94,,663,5,0
886,Idam,2024-10-03,20.46,4.0,314,4,0
887,Afghan Brothers,2024-10-04,63.04,8.0,703,4,0
888,Afghan Brothers,2024-10-04,162.48,3.0,494,3,0
889,Idam,2024-10-05,173.63,7.0,490,4,0
890,Zaoq,2024-10-05,103.0,4.0,793,4,0
891,Bandar Aden Restaurant,2024-10-05,130.28,2.0,116,2,0
892,Chotto Matte,2024-10-06,93.43,8.0,645,5,1
893,Zaoq,2024-10-06,91.57,5.0,398,4,0
894,Biryani Hut,2024-10-06,147.74,6.0,854,1,1
895,Palestine Cafeteria,2024-10-07,42.71,9.0,327,3,0
896,Palestine Cafeteria,2024-10-07,155.79,3.0,997,2,0
897,Chotto Matte,2024-10-07,106.14,3.0,75,5,0
898,Zaoq,2024-10-07,178.49,5.0,189,3,0
899,Ziafat,2024-10-08,30.18,8.0,211,2,0
900,Ziafat,2024-10-09,44.62,5.0,430,2,0
901,Hakkasan,2024-10-09,120.71,7.0,358,2,1
902,Bayt El Talleh,2024-10-09,175.17,5.0,5,1,0
903,Spice Market,2024-10-10,39.76,4.0,811,3,0
904,Spice Market,2024-10-10,199.93,8.0,241,1,1
905,Em Sherif Café,2024-10-10,75.02,8.0,332,5,0
906,Pak Pakwan,2024-10-10,20.54,9.0,222,2,1
907,Palestine Cafeteria,2024-10-11,147.34,5.0,919,4,0
908,Hakkasan,2024-10-11,132.17,2.0,249,5,0
909,Pak Pakwan,2024-10-11,198.58,1.0,317,5,0
910,Afghan Brothers,2024-10-11,97.48,9.0,253,2,0
911,Em Sherif Café,2024-10-11,27.86,7.0,112,5,0
912,Ottoman Palace,2024-10-12,122.71,,245,2,0
913,Bayt El Talleh,2024-10-12,68.98,8.0,849,5,0
914,La Mar by Gastón Acurio,2024-10-12,142.08,8.0,658,4,0
915,Zaitoon Restaurant,2024-10-12,36.46,3.0,908,4,0
916,Ottoman Palace,2024-10-13,133.17,4.0,113,5,0
917,Tandoor Restaurant,2024-10-13,134.67,,549,3,0
918,Pak Pakwan,2024-10-14,138.63,8.0,273,2,0
919,Tandoor Restaurant,2024-10-14,27.99,5.0,450,1,0
920,Afghan Brothers,2024-10-14,99.34,6.0,187,4,0
921,Bayt El Talleh,2024-10-14,76.54,,236,1,1
922,Hakkasan,2024-10-15,170.24,7.0,787,3,1
923,Biryani Hut,2024-10-15,59.97,10.0,565,3,1
924,Em Sherif Café,2024-10-15,38.37,7.0,506,5,0
925,Shay Al Shomous,2024-10-15,121.78,3.0,927,1,0
926,Spice Market,2024-10-15,36.08,,960,4,1
927,Hakkasan,2024-10-15,30.41,2.0,738,3,0
928,Zaitoon Restaurant,2024-10-16,177.39,6.0,284,1,0
929,Morimoto Doha,2024-10-16,50.94,8.0,798,3,0
930,Turkey Central Restaurant,2024-10-17,31.99,1.0,759,3,0
931,Nobu Doha,2024-10-17,104.65,1.0,463,2,0
932,Bandar Aden Restaurant,2024-10-17,21.77,1.0,693,2,0
933,Tandoor Restaurant,2024-10-17,94.18,1.0,666,5,0
934,Morimoto Doha,2024-10-17,176.92,6.0,908,5,1
935,Bayt El Talleh,2024-10-17,74.78,1.0,944,1,0
936,Afghan Brothers,2024-10-17,78.43,4.0,533,2,0
937,Ottoman Palace,2024-10-17,104.6,,550,5,1
938,Shay Al Shomous,2024-10-18,177.49,7.0,771,1,1
939,Turkey Central Restaurant,2024-10-18,51.4,10.0,148,1,1
940,Zaoq,2024-10-19,88.32,,274,5,0
941,Shay Al Shomous,2024-10-19,122.43,4.0,438,4,0
942,Bandar Aden Restaurant,2024-10-19,46.45,6.0,263,5,0
943,Biryani Hut,2024-10-19,174.24,7.0,362,5,0
944,Pak Pakwan,2024-10-19,114.6,2.0,152,3,0
945,Afghan Brothers,2024-10-20,177.51,7.0,26,1,1
946,Ziafat,2024-10-20,27.42,4.0,364,2,0
947,Bayt El Talleh,2024-10-21,74.67,2.0,487,4,0
948,Sulaimani Tea Hub,2024-10-21,134.42,7.0,244,2,0
949,Ottoman Palace,2024-10-21,119.4,7.0,872,1,0
950,Zaitoon Restaurant,2024-10-22,76.28,6.0,5,3,1
951,Morimoto Doha,2024-10-22,136.3,7.0,494,3,0
952,Tandoor Restaurant,2024-10-22,125.69,3.0,914,5,1
953,Em Sherif Café,2024-10-23,61.66,6.0,456,3,0
954,Hakkasan,2024-10-23,109.0,9.0,8,4,0
955,Biryani Hut,2024-10-23,37.35,3.0,501,1,0
956,La Mar by Gastón Acurio,2024-10-24,125.55,1.0,398,5,1
957,Em Sherif Café,2024-10-24,138.67,,945,3,1
958,Nobu Doha,2024-10-24,179.63,4.0,734,1,0
959,Nobu Doha,2024-10-24,80.16,5.0,794,5,0
960,Shay Al Shomous,2024-10-25,131.07,8.0,622,2,1
961,La Mar by Gastón Acurio,2024-10-25,68.45,,478,2,0
962,Em Sherif Café,2024-10-25,39.98,1.0,767,3,0
963,Biryani Hut,2024-10-25,42.76,,111,4,0
964,Zaoq,2024-10-26,52.76,8.0,296,2,1
965,Afghan Brothers,2024-10-27,77.13,2.0,126,5,1
966,Zaoq,2024-10-27,134.06,10.0,523,5,0
967,Afghan Brothers,2024-10-28,144.79,8.0,789,3,1
968,Afghan Brothers,2024-10-28,107.06,9.0,669,1,1
969,Morimoto Doha,2024-10-28,127.94,2.0,967,5,0
970,Spice Market,2024-10-28,188.43,,321,2,0
971,Rotana Restaurant,2024-10-28,186.3,9.0,955,2,0
972,Zaitoon Restaurant,2024-10-29,191.78,8.0,618,1,1
973,Afghan Brothers,2024-10-30,164.18,1.0,483,5,0
974,Ottoman Palace,2024-10-30,178.06,10.0,635,4,1
975,Isaan,2024-10-30,160.08,8.0,840,4,0
976,Nobu Doha,2024-10-30,72.32,1.0,583,1,0
977,Bayt El Talleh,2024-10-30,100.41,5.0,866,1,0
978,Tandoor Restaurant,2024-10-30,155.91,3.0,53,1,0
979,Zaitoon Restaurant,2024-10-31,40.03,4.0,586,3,0
980,Rotana Restaurant,2024-10-31,98.72,2.0,915,1,0
981,Tandoor Restaurant,2024-10-31,90.77,6.0,130,1,1
982,Afghan Brothers,2024-11-01,176.19,2.0,854,2,0
983,La Mar by Gastón Acurio,2024-11-02,189.27,8.0,662,2,1
984,Em Sherif Café,2024-11-02,158.15,,270,5,1
985,Chotto Matte,2024-11-02,86.71,10.0,952,1,0
986,Hakkasan,2024-11-02,186.96,,937,2,0
987,Ottoman Palace,2024-11-02,146.8,7.0,822,4,0
988,Turkey Central Restaurant,2024-11-03,152.71,7.0,36,5,0
989,Idam,2024-11-03,150.51,2.0,907,3,0
990,Tandoor Restaurant,2024-11-04,172.95,5.0,188,5,0
991,Spice Market,2024-11-04,87.22,1.0,913,1,0
992,Em Sherif Café,2024-11-04,45.51,9.0,207,3,1
993,Nobu Doha,2024-11-05,197.59,4.0,858,1,0
994,Zaitoon Restaurant,2024-11-06,182.72,10.0,175,2,0
995,Sulaimani Tea Hub,2024-11-06,95.91,2.0,216,1,0
996,Bandar Aden Restaurant,2024-11-06,95.57,7.0,299,5,0
997,Ziafat,2024-11-06,93.49,,286,3,0
998,La Mar by Gastón Acurio,2024-11-07,37.11,5.0,59,4,0
999,Bayt El Talleh,2024-11-08,197.66,9.0,763,2,0
1000,Ziafat,2024-11-08,187.95,7.0,27,4,0
1001,Tandoor Restaurant,2024-11-08,84.28,1.0,200,2,0
1002,Nobu Doha,2024-11-08,86.97,4.0,205,4,0
1003,Turkey Central Restaurant,2024-11-08,32.56,5.0,387,5,1
1004,Rotana Restaurant,2024-11-08,127.92,10.0,479,2,0
1005,Morimoto Doha,2024-11-09,33.79,8.0,500,2,1
1006,Isaan,2024-11-09,101.56,2.0,824,2,0
1007,Em Sherif Café,2024-11-10,175.92,5.0,625,1,1
1008,Pak Pakwan,2024-11-11,134.65,10.0,416,2,0
1009,Ziafat,2024-11-11,131.63,,905,1,0
1010,Ziafat,2024-11-11,56.88,4.0,343,1,1
1011,Bandar Aden Restaurant,2024-11-11,158.35,3.0,206,4,0
1012,Morimoto Doha,2024-11-12,89.87,3.0,970,3,0
1013,Morimoto Doha,2024-11-12,166.2,7.0,529,3,0
1014,Tandoor Restaurant,2024-11-12,25.46,,80,2,0
1015,Tandoor Restaurant,2024-11-12,104.86,5.0,21,2,0
1016,Isaan,2024-11-12,167.06,2.0,145,4,0
1017,Palestine Cafeteria,2024-11-12,145.56,8.0,711,3,0
1018,Bandar Aden Restaurant,2024-11-13,131.27,2.0,807,2,0
1019,Zaitoon Restaurant,2024-11-13,173.15,2.0,871,4,0
1020,Pak Pakwan,2024-11-14,145.14,7.0,986,1,0
1021,Zaoq,2024-11-14,94.3,10.0,829,5,0
1022,Em Sherif Café,2024-11-14,147.59,3.0,139,4,0
1023,Biryani Hut,2024-11-14,35.71,2.0,490,5,0
1024,Shay Al Shomous,2024-11-15,135.7,9.0,917,3,0
1025,Idam,2024-11-15,57.1,2.0,846,3,1
1026,Rotana Restaurant,2024-11-15,28.03,5.0,700,3,0
1027,Idam,2024-11-15,192.79,,6,4,0
1028,La Mar by Gastón Acurio,2024-11-15,134.95,3.0,183,1,1
1029,Rotana Restaurant,2024-11-16,171.45,6.0,146,5,0
1030,Em Sherif Café,2024-11-16,173.34,5.0,155,1,0
1031,Ziafat,2024-11-17,136.46,5.0,826,4,0
1032,La Mar by Gastón Acurio,2024-11-17,72.12,10.0,862,4,0
1033,Bandar Aden Restaurant,2024-11-17,167.54,6.0,408,3,0
1034,Zaitoon Restaurant,2024-11-18,148.37,8.0,967,5,1
1035,Isaan,2024-11-18,180.19,8.0,889,3,1
1036,Biryani Hut,2024-11-18,135.95,4.0,457,4,1
1037,Zaitoon Restaurant,2024-11-18,56.43,8.0,722,4,0
1038,Bandar Aden Restaurant,2024-11-18,65.79,8.0,399,1,0
1039,Sulaimani Tea Hub,2024-11-18,135.24,10.0,798,4,0
1040,Afghan Brothers,2024-11-19,36.77,10.0,250,4,1
1041,Morimoto Doha,2024-11-19,54.2,10.0,226,5,0
1042,Sulaimani Tea Hub,2024-11-20,66.3,10.0,402,4,1
1043,Idam,2024-11-21,128.61,6.0,219,2,1
1044,Bayt El Talleh,2024-11-21,180.76,2.0,323,5,0
1045,Spice Market,2024-11-21,135.71,6.0,631,2,0
1046,Spice Market,2024-11-21,115.86,1.0,887,2,0
1047,Sulaimani Tea Hub,2024-11-21,106.89,5.0,320,1,1
1048,Shay Al Shomous,2024-11-21,47.98,10.0,215,2,0
1049,MRA Bakery & Restaurant,2024-11-21,113.66,4.0,213,2,1
1050,Rotana Restaurant,2024-11-22,151.0,1.0,739,1,1
1051,Spice Market,2024-11-22,165.28,1.0,440,4,1
1052,Spice Market,2024-11-22,116.14,5.0,577,4,0
1053,Chotto Matte,2024-11-23,190.05,3.0,645,3,0
1054,Shay Al Shomous,2024-11-23,49.79,8.0,114,1,1
1055,Morimoto Doha,2024-11-23,81.74,5.0,602,3,0
1056,Sulaimani Tea Hub,2024-11-23,139.03,1.0,997,5,0
1057,Idam,2024-11-23,26.44,2.0,849,5,0
1058,Isaan,2024-11-24,110.86,3.0,845,2,0
1059,Ziafat,2024-11-24,80.68,7.0,241,2,1
1060,Tandoor Restaurant,2024-11-24,111.73,7.0,877,5,1
1061,Pak Pakwan,2024-11-24,57.92,10.0,250,4,1
1062,Pak Pakwan,2024-11-25,47.38,8.0,196,4,1
1063,Zaitoon Restaurant,2024-11-26,189.58,8.0,815,4,0
1064,Ottoman Palace,2024-11-27,99.5,8.0,288,2,0
1065,Morimoto Doha,2024-11-27,153.62,7.0,3,1,0
1066,La Mar by Gastón Acurio,2024-11-27,39.68,,28,4,0
1067,Nobu Doha,2024-11-27,159.48,3.0,502,4,0
1068,Palestine Cafeteria,2024-11-27,50.64,1.0,483,3,0
1069,Zaoq,2024-11-27,54.61,9.0,137,4,1
1070,Em Sherif Café,2024-11-28,21.01,7.0,909,5,0
1071,Rotana Restaurant,2024-11-28,154.37,7.0,406,5,0
1072,Nobu Doha,2024-11-29,95.52,7.0,44,5,0
1073,Hakkasan,2024-11-29,121.85,7.0,312,1,1
1074,Tandoor Restaurant,2024-11-29,189.36,3.0,184,1,1
1075,Turkey Central Restaurant,2024-11-29,195.0,2.0,796,1,0
1076,Biryani Hut,2024-11-29,189.65,4.0,233,5,0
1077,Ziafat,2024-11-30,187.25,3.0,419,3,0
1078,Biryani Hut,2024-11-30,74.73,1.0,813,3,0
1079,Sulaimani Tea Hub,2024-11-30,109.57,3.0,202,2,0
1080,Hakkasan,2024-11-30,27.96,4.0,43,4,0
1081,Shay Al Shomous,2024-12-01,152.5,1.0,876,4,0
1082,Spice Market,2024-12-02,96.33,7.0,139,2,0
1083,Idam,2024-12-02,185.57,2.0,508,2,0
1084,Ottoman Palace,2024-12-03,127.22,8.0,207,5,1
1085,Bandar Aden Restaurant,2024-12-03,42.4,1.0,13,4,0
1086,Hakkasan,2024-12-03,148.14,7.0,828,5,1
1087,Afghan Brothers,2024-12-04,50.08,9.0,632,4,0
1088,Bandar Aden Restaurant,2024-12-04,86.66,8.0,404,4,1
1089,Bayt El Talleh,2024-12-04,137.17,6.0,520,4,1
1090,Turkey Central Restaurant,2024-12-05,181.69,,719,3,0
1091,Rotana Restaurant,2024-12-05,142.6,3.0,534,3,0
1092,Morimoto Doha,2024-12-05,139.36,7.0,37,4,0
1093,Ziafat,2024-12-05,151.14,3.0,958,4,0
1094,Em Sherif Café,2024-12-05,140.69,7.0,99,1,1
1095,Idam,2024-12-06,24.88,7.0,402,1,0
1096,Turkey Central Restaurant,2024-12-06,169.31,,641,2,1
1097,Morimoto Doha,2024-12-06,54.0,,145,4,0
1098,Afghan Brothers,2024-12-06,58.63,2.0,613,1,0
1099,Morimoto Doha,2024-12-06,133.05,4.0,709,3,1
1100,Bandar Aden Restaurant,2024-12-07,38.74,10.0,985,4,0
1101,Ottoman Palace,2024-12-07,87.78,3.0,675,1,0
1102,Nobu Doha,2024-12-07,179.88,9.0,842,3,0
1103,La Mar by Gastón Acurio,2024-12-07,164.52,,555,3,0
1104,MRA Bakery & Restaurant,2024-12-08,96.06,,662,5,0
1105,Bayt El Talleh,2024-12-08,178.75,10.0,586,3,0
1106,Bandar Aden Restaurant,2024-12-08,45.16,3.0,454,5,0
1107,Sulaimani Tea Hub,2024-12-08,85.07,4.0,421,5,1
1108,Idam,2024-12-08,25.03,7.0,216,1,0
1109,Bandar Aden Restaurant,2024-12-08,63.57,5.0,323,4,0
1110,Zaoq,2024-12-09,141.55,,918,4,0
1111,Pak Pakwan,2024-12-09,66.63,2.0,881,3,0
1112,Idam,2024-12-09,57.14,4.0,187,1,0
1113,La Mar by Gastón Acurio,2024-12-09,64.16,6.0,116,2,0
1114,Morimoto Doha,2024-12-10,93.02,3.0,705,4,0
1115,Em Sherif Café,2024-12-10,65.0,10.0,392,5,1
1116,Isaan,2024-12-10,143.81,,226,1,1
1117,Chotto Matte,2024-12-10,47.32,2.0,65,3,0
1118,Biryani Hut,2024-12-10,42.71,4.0,221,5,1
1119,Isaan,2024-12-11,135.15,2.0,192,3,0
1120,Tandoor Restaurant,2024-12-11,189.32,5.0,367,5,0
1121,Rotana Restaurant,2024-12-11,173.29,4.0,773,3,0
1122,Hakkasan,2024-12-11,70.45,2.0,84,2,1
1123,Em Sherif Café,2024-12-12,197.31,9.0,717,3,1
1124,Ziafat,2024-12-13,51.45,5.0,620,5,0
1125,Ottoman Palace,2024-12-14,61.31,8.0,257,1,1
1126,Em Sherif Café,2024-12-15,155.66,1.0,214,1,0
1127,Biryani Hut,2024-12-15,176.16,5.0,3,4,0
1128,Bayt El Talleh,2024-12-15,113.13,5.0,901,1,0
1129,Tandoor Restaurant,2024-12-16,25.24,3.0,17,4,0
1130,Biryani Hut,2024-12-16,39.0,10.0,17,4,0
1131,La Mar by Gastón Acurio,2024-12-16,145.98,6.0,552,2,0
1132,Nobu Doha,2024-12-16,165.06,1.0,210,3,1
1133,Ziafat,2024-12-17,38.1,2.0,65,5,0
1134,Ottoman Palace,2024-12-17,132.55,3.0,937,1,0
1135,Shay Al Shomous,2024-12-17,172.53,1.0,341,5,0
1136,Afghan Brothers,2024-12-18,165.85,5.0,947,2,0
1137,Palestine Cafeteria,2024-12-18,188.93,2.0,9,2,1
1138,Isaan,2024-12-18,132.27,2.0,916,2,1
1139,Pak Pakwan,2024-12-18,23.86,10.0,348,1,0
1140,Idam,2024-12-18,104.35,7.0,411,5,1
1141,MRA Bakery & Restaurant,2024-12-18,33.49,2.0,719,4,0
1142,Chotto Matte,2024-12-18,57.43,5.0,520,4,0
1143,Em Sherif Café,2024-12-18,98.39,,844,3,0
1144,Bayt El Talleh,2024-12-19,85.53,,272,3,0
1145,Shay Al Shomous,2024-12-19,134.2,2.0,186,2,0
1146,Idam,2024-12-19,195.33,6.0,126,4,1
1147,Pak Pakwan,2024-12-20,154.33,9.0,734,1,0
1148,Em Sherif Café,2024-12-20,76.84,6.0,944,3,0
1149,Rotana Restaurant,2024-12-21,53.02,7.0,515,5,0
1150,Nobu Doha,2024-12-21,159.28,6.0,457,4,0
1151,Palestine Cafeteria,2024-12-21,56.52,6.0,735,5,0
1152,Shay Al Shomous,2024-12-21,132.85,4.0,381,2,0
1153,Rotana Restaurant,2024-12-21,189.12,4.0,12,3,0
1154,Sulaimani Tea Hub,2024-12-22,168.22,7.0,40,3,1
1155,Hakkasan,2024-12-22,71.94,7.0,238,4,1
1156,Bandar Aden Restaurant,2024-12-22,149.49,2.0,520,4,1
1157,Ottoman Palace,2024-12-23,187.83,8.0,100,1,0
1158,Afghan Brothers,2024-12-23,59.02,5.0,227,2,0
1159,Bandar Aden Restaurant,2024-12-23,105.74,6.0,713,3,0
1160,Nobu Doha,2024-12-23,137.72,,385,4,0
1161,Nobu Doha,2024-12-24,110.74,8.0,877,4,0
1162,Rotana Restaurant,2024-12-24,40.52,,899,3,0
1163,Ziafat,2024-12-24,59.1,2.0,208,5,1
1164,Zaoq,2024-12-25,70.15,8.0,62,4,1
1165,Pak Pakwan,2024-12-26,22.79,2.0,909,5,0
1166,Zaitoon Restaurant,2024-12-26,144.83,10.0,329,5,0
1167,Afghan Brothers,2024-12-27,79.5,9.0,778,2,0
1168,Nobu Doha,2024-12-27,152.48,5.0,154,4,1
1169,Bayt El Talleh,2024-12-28,148.72,2.0,164,2,1
1170,Idam,2024-12-28,102.13,1.0,384,4,0
1171,Palestine Cafeteria,2024-12-29,71.48,2.0,669,1,0
1172,Bandar Aden Restaurant,2024-12-29,164.0,7.0,352,5,1
1173,Afghan Brothers,2024-12-30,64.37,2.0,650,3,0
1174,Hakkasan,2024-12-30,34.47,2.0,595,1,0
1175,Hakkasan,2024-12-30,40.81,10.0,43,2,0
1176,Sulaimani Tea Hub,2024-12-30,95.05,9.0,647,4,0
1177,Zaoq,2024-12-30,74.55,9.0,318,2,1
1178,Nobu Doha,2024-12-30,199.36,8.0,776,4,0
1179,La Mar by Gastón Acurio,2024-12-30,59.32,4.0,460,2,0
1180,Ottoman Palace,2024-12-30,143.21,7.0,633,4,0
1181,Shay Al Shomous,2024-12-31,68.22,7.0,597,4,0
1182,Bayt El Talleh,2025-01-01,77.93,,198,1,1
1183,Tandoor Restaurant,2025-01-01,59.28,3.0,442,1,0
1184,La Mar by Gastón Acurio,2025-01-01,160.25,,965,3,1
1185,La Mar by Gastón Acurio,2025-01-01,116.61,2.0,137,4,0
1186,Hakkasan,2025-01-01,77.33,6.0,708,3,0
1187,Spice Market,2025-01-02,22.08,10.0,325,4,1
1188,Morimoto Doha,2025-01-02,176.08,8.0,700,1,1
1189,Biryani Hut,2025-01-02,53.0,10.0,922,4,1
1190,Pak Pakwan,2025-01-03,32.42,1.0,807,4,0
1191,La Mar by Gastón Acurio,2025-01-03,173.64,8.0,157,4,0
1192,Sulaimani Tea Hub,2025-01-04,41.15,7.0,393,3,0
1193,Hakkasan,2025-01-05,27.55,4.0,594,3,0
1194,Ottoman Palace,2025-01-05,22.47,8.0,419,1,0
1195,Zaitoon Restaurant,2025-01-05,88.15,6.0,711,3,0
1196,Zaitoon Restaurant,2025-01-06,125.43,4.0,607,5,0
1197,Nobu Doha,2025-01-06,21.26,7.0,172,2,1
1198,Afghan Brothers,2025-01-06,160.38,,251,4,0
1199,Zaitoon Restaurant,2025-01-07,105.52,5.0,56,1,0
1200,MRA Bakery & Restaurant,2025-01-08,142.79,1.0,346,4,1
1201,Tandoor Restaurant,2025-01-08,145.75,7.0,684,3,1
1202,Zaoq,2025-01-08,59.04,3.0,307,4,1
1203,Sulaimani Tea Hub,2025-01-08,42.17,9.0,686,3,0
1204,MRA Bakery & Restaurant,2025-01-08,108.96,1.0,451,3,0
1205,Morimoto Doha,2025-01-09,29.78,,962,4,0
1206,Nobu Doha,2025-01-09,44.63,10.0,94,2,0
1207,Isaan,2025-01-09,113.4,3.0,953,1,1
1208,Biryani Hut,2025-01-09,70.54,3.0,536,5,1
1209,Ziafat,2025-01-09,37.34,1.0,987,4,1
1210,Hakkasan,2025-01-10,30.57,7.0,161,1,0
1211,Turkey Central Restaurant,2025-01-10,121.5,4.0,318,4,1
1212,Turkey Central Restaurant,2025-01-10,28.69,9.0,564,4,1
1213,Bandar Aden Restaurant,2025-01-11,181.43,3.0,174,2,1
1214,Ziafat,2025-01-11,166.14,3.0,602,4,1
1215,Nobu Doha,2025-01-12,136.21,3.0,42,5,1
1216,Pak Pakwan,2025-01-12,76.29,10.0,291,5,0
1217,Hakkasan,2025-01-12,40.97,5.0,992,5,1
1218,Afghan Brothers,2025-01-12,115.53,5.0,881,2,1
1219,Ziafat,2025-01-12,56.7,5.0,819,1,0
1220,Nobu Doha,2025-01-13,192.37,4.0,328,1,0
1221,Shay Al Shomous,2025-01-13,135.93,7.0,67,3,1
1222,Ottoman Palace,2025-01-13,185.93,2.0,385,2,0
1223,Tandoor Restaurant,2025-01-13,111.32,3.0,783,1,0
1224,Shay Al Shomous,2025-01-13,160.23,,535,4,1
1225,Bandar Aden Restaurant,2025-01-14,108.36,1.0,938,2,1
1226,Palestine Cafeteria,2025-01-14,159.28,8.0,773,4,0
1227,Morimoto Doha,2025-01-14,164.09,,399,1,0
1228,Bandar Aden Restaurant,2025-01-14,191.66,4.0,66,4,1
1229,Afghan Brothers,2025-01-15,69.14,10.0,377,5,0
1230,Hakkasan,2025-01-15,161.86,4.0,938,5,1
1231,Turkey Central Restaurant,2025-01-15,107.75,6.0,24,3,1
1232,Palestine Cafeteria,2025-01-15,61.23,6.0,82,5,0
1233,Idam,2025-01-15,118.12,5.0,670,2,0
1234,Pak Pakwan,2025-01-15,167.47,1.0,41,4,1
1235,Spice Market,2025-01-15,71.05,10.0,266,4,1
1236,Zaoq,2025-01-16,141.28,,32,2,0
1237,Turkey Central Restaurant,2025-01-16,130.41,4.0,527,5,0
1238,La Mar by Gastón Acurio,2025-01-16,77.53,,27,3,1
1239,Zaoq,2025-01-16,161.51,3.0,350,2,0
1240,Shay Al Shomous,2025-01-16,189.14,4.0,287,2,0
1241,Turkey Central Restaurant,2025-01-17,33.12,3.0,681,5,0
1242,Ottoman Palace,2025-01-17,20.66,5.0,623,1,0
1243,Biryani Hut,2025-01-18,185.51,6.0,931,1,1
1244,Isaan,2025-01-18,56.72,4.0,136,5,0
1245,Spice Market,2025-01-18,65.51,4.0,368,5,1
1246,Zaitoon Restaurant,2025-01-19,20.22,10.0,883,1,0
1247,Zaitoon Restaurant,2025-01-19,48.64,1.0,484,2,1
1248,Biryani Hut,2025-01-20,22.46,10.0,275,4,0
1249,Hakkasan,2025-01-20,93.91,2.0,652,2,0
1250,Ziafat,2025-01-20,72.56,9.0,470,3,0
1251,Morimoto Doha,2025-01-20,59.87,9.0,140,4,0
1252,MRA Bakery & Restaurant,2025-01-20,97.77,6.0,721,5,0
1253,Tandoor Restaurant,2025-01-21,119.46,10.0,900,3,0
1254,Ottoman Palace,2025-01-21,157.38,,208,3,1
1255,Hakkasan,2025-01-21,87.5,2.0,329,1,0
1256,Afghan Brothers,2025-01-21,20.04,7.0,618,3,1
1257,Nobu Doha,2025-01-21,158.64,10.0,264,2,0
1258,MRA Bakery & Restaurant,2025-01-21,133.48,3.0,323,4,0
1259,Zaitoon Restaurant,2025-01-22,43.05,9.0,885,4,1
1260,Bandar Aden Restaurant,2025-01-22,97.75,7.0,241,1,0
1261,Zaoq,2025-01-22,150.49,,278,5,1
1262,Zaitoon Restaurant,2025-01-22,180.96,4.0,229,5,0
1263,Shay Al Shomous,2025-01-23,148.29,10.0,696,4,0
1264,Pak Pakwan,2025-01-24,46.76,3.0,709,2,0
1265,Bandar Aden Restaurant,2025-01-24,188.04,2.0,739,2,0
1266,Sulaimani Tea Hub,2025-01-24,99.13,7.0,377,1,0
1267,Afghan Brothers,2025-01-24,143.0,10.0,747,3,0
1268,Palestine Cafeteria,2025-01-24,46.8,7.0,565,5,0
1269,Isaan,2025-01-25,69.57,10.0,137,1,0
1270,Nobu Doha,2025-01-25,179.82,1.0,508,5,1
1271,Ottoman Palace,2025-01-25,110.74,5.0,620,5,0
1272,Bayt El Talleh,2025-01-25,171.75,10.0,955,1,0
1273,Chotto Matte,2025-01-25,179.2,2.0,97,1,0
1274,Ziafat,2025-01-26,123.72,4.0,735,5,0
1275,Biryani Hut,2025-01-26,183.4,8.0,63,4,0
1276,Palestine Cafeteria,2025-01-27,26.3,3.0,237,2,1
1277,Rotana Restaurant,2025-01-27,186.1,8.0,890,4,1
1278,Turkey Central Restaurant,2025-01-27,133.44,10.0,707,4,0
1279,Biryani Hut,2025-01-27,33.45,,561,3,0
1280,Spice Market,2025-01-28,117.91,,138,3,0
1281,Hakkasan,2025-01-28,167.96,9.0,238,4,0
1282,Idam,2025-01-29,131.64,9.0,556,5,0
1283,Pak Pakwan,2025-01-29,52.4,10.0,921,2,0
1284,Tandoor Restaurant,2025-01-29,145.16,1.0,450,1,0
1285,Hakkasan,2025-01-29,48.81,8.0,117,3,0
1286,Biryani Hut,2025-01-29,150.1,1.0,461,2,0
1287,Biryani Hut,2025-01-30,64.21,2.0,101,3,0
1288,Nobu Doha,2025-01-30,108.02,7.0,66,5,1
1289,Sulaimani Tea Hub,2025-01-30,122.39,3.0,393,5,0
1290,Morimoto Doha,2025-01-31,77.22,5.0,923,2,0
1291,Morimoto Doha,2025-02-01,78.32,3.0,577,3,1
1292,Bayt El Talleh,2025-02-01,23.08,8.0,905,2,0
1293,Ottoman Palace,2025-02-01,157.75,1.0,645,2,0
1294,MRA Bakery & Restaurant,2025-02-01,81.15,8.0,680,3,0
1295,Em Sherif Café,2025-02-02,20.68,4.0,694,4,0
1296,Pak Pakwan,2025-02-02,84.89,3.0,744,4,0
1297,Hakkasan,2025-02-03,148.45,10.0,613,3,0
1298,Ottoman Palace,2025-02-03,75.98,5.0,9,3,0
1299,Ziafat,2025-02-03,31.54,3.0,634,3,0
1300,Zaitoon Restaurant,2025-02-03,82.81,,1000,5,0
1301,Spice Market,2025-02-05,167.34,7.0,952,3,0
1302,Rotana Restaurant,2025-02-05,48.49,2.0,279,5,0
1303,Palestine Cafeteria,2025-02-06,101.03,10.0,249,5,0
1304,Palestine Cafeteria,2025-02-06,82.99,8.0,997,4,0
1305,Spice Market,2025-02-07,134.48,8.0,343,1,0
1306,Hakkasan,2025-02-07,103.43,6.0,888,4,1
1307,Sulaimani Tea Hub,2025-02-09,31.01,1.0,1000,2,0
1308,Em Sherif Café,2025-02-09,187.69,1.0,360,5,0
1309,Idam,2025-02-09,156.38,6.0,671,3,1
1310,Isaan,2025-02-09,183.63,9.0,541,1,0
1311,Zaoq,2025-02-10,71.79,3.0,99,1,0
1312,Rotana Restaurant,2025-02-10,191.73,7.0,175,5,0
1313,Turkey Central Restaurant,2025-02-10,90.38,3.0,862,5,0
1314,Shay Al Shomous,2025-02-10,145.36,7.0,941,4,0
1315,Ottoman Palace,2025-02-11,131.83,2.0,270,4,0
1316,Em Sherif Café,2025-02-12,34.46,7.0,693,4,1
1317,Afghan Brothers,2025-02-13,158.21,2.0,370,3,0
1318,Afghan Brothers,2025-02-13,110.99,10.0,439,2,0
1319,Turkey Central Restaurant,2025-02-13,23.06,5.0,324,5,0
1320,Spice Market,2025-02-13,188.36,8.0,139,3,0
1321,Turkey Central Restaurant,2025-02-14,172.16,6.0,738,3,0
1322,Nobu Doha,2025-02-14,103.14,9.0,638,1,1
1323,Em Sherif Café,2025-02-14,88.62,2.0,465,5,0
1324,Biryani Hut,2025-02-14,131.03,4.0,48,5,0
1325,Zaitoon Restaurant,2025-02-15,155.3,,996,1,1
1326,Biryani Hut,2025-02-15,98.89,2.0,18,3,0
1327,Sulaimani Tea Hub,2025-02-15,82.11,8.0,879,5,0
1328,Bandar Aden Restaurant,2025-02-15,175.24,7.0,396,1,0
1329,Sulaimani Tea Hub,2025-02-16,93.03,10.0,126,5,0
1330,Turkey Central Restaurant,2025-02-16,184.74,2.0,207,3,0
1331,Ziafat,2025-02-16,38.25,,558,1,0
1332,Hakkasan,2025-02-16,66.55,2.0,540,3,0
1333,Morimoto Doha,2025-02-17,93.24,9.0,851,1,1
1334,Chotto Matte,2025-02-17,145.52,5.0,586,3,1
1335,Bandar Aden Restaurant,2025-02-17,114.31,,985,5,0
1336,Rotana Restaurant,2025-02-17,75.59,7.0,365,3,1
1337,Nobu Doha,2025-02-17,125.71,1.0,37,5,0
1338,Rotana Restaurant,2025-02-18,108.93,8.0,665,5,0
1339,Zaoq,2025-02-18,71.84,5.0,193,4,0
1340,Bayt El Talleh,2025-02-19,93.5,5.0,22,5,1
1341,Tandoor Restaurant,2025-02-19,140.22,7.0,3,4,0
1342,Chotto Matte,2025-02-19,184.6,4.0,672,4,0
1343,Turkey Central Restaurant,2025-02-20,134.3,5.0,134,5,1
1344,Nobu Doha,2025-02-20,48.74,7.0,224,4,0
1345,Em Sherif Café,2025-02-20,122.84,5.0,500,2,0
1346,Zaoq,2025-02-21,76.23,3.0,792,1,0
1347,Spice Market,2025-02-21,199.22,7.0,920,3,0
1348,MRA Bakery & Restaurant,2025-02-21,126.44,3.0,526,1,0
1349,Afghan Brothers,2025-02-21,24.51,1.0,80,1,0
1350,Tandoor Restaurant,2025-02-22,28.23,7.0,949,2,0
1351,Shay Al Shomous,2025-02-22,23.71,8.0,771,2,0
1352,Nobu Doha,2025-02-23,139.51,9.0,328,3,0
1353,Bayt El Talleh,2025-02-23,118.29,,898,3,0
1354,Hakkasan,2025-02-23,82.55,7.0,382,5,1
1355,MRA Bakery & Restaurant,2025-02-23,115.45,10.0,856,1,0
1356,Afghan Brothers,2025-02-23,187.32,6.0,923,4,0
1357,Bayt El Talleh,2025-02-24,27.66,1.0,263,2,0
1358,Bandar Aden Restaurant,2025-02-24,46.28,6.0,849,4,0
1359,Ziafat,2025-02-24,181.28,1.0,290,3,0
1360,Pak Pakwan,2025-02-24,30.36,1.0,168,2,1
1361,Zaoq,2025-02-24,142.16,1.0,577,2,0
1362,Pak Pakwan,2025-02-25,194.91,3.0,820,3,1
1363,Spice Market,2025-02-25,135.81,3.0,340,5,0
1364,Isaan,2025-02-26,99.15,10.0,603,4,0
1365,Zaoq,2025-02-26,116.1,7.0,909,1,0
1366,Palestine Cafeteria,2025-02-26,68.89,3.0,251,3,1
1367,La Mar by Gastón Acurio,2025-02-26,96.57,,278,5,0
1368,Nobu Doha,2025-02-26,88.36,5.0,74,3,0
1369,Shay Al Shomous,2025-02-27,62.06,3.0,704,3,0
1370,Isaan,2025-02-27,186.05,5.0,591,5,0
1371,Morimoto Doha,2025-02-28,49.85,1.0,2,4,0
1372,Nobu Doha,2025-02-28,194.14,1.0,7,5,0
1373,Rotana Restaurant,2025-02-28,83.05,3.0,2,3,0
1374,Zaoq,2025-03-01,173.72,4.0,162,2,0
1375,Pak Pakwan,2025-03-01,73.57,6.0,160,1,0
1376,Bandar Aden Restaurant,2025-03-02,40.72,5.0,139,5,1
1377,Palestine Cafeteria,2025-03-02,152.77,9.0,361,5,0
1378,Morimoto Doha,2025-03-02,181.98,,919,5,0
1379,Bayt El Talleh,2025-03-03,82.33,8.0,233,4,0
1380,Palestine Cafeteria,2025-03-03,126.18,8.0,235,2,0
1381,Idam,2025-03-04,125.37,2.0,268,3,0
1382,Morimoto Doha,2025-03-04,116.84,7.0,257,5,0
1383,MRA Bakery & Restaurant,2025-03-05,110.38,9.0,647,2,0
1384,Em Sherif Café,2025-03-05,117.03,10.0,982,5,0
1385,Ziafat,2025-03-05,134.14,9.0,379,3,0
1386,Rotana Restaurant,2025-03-05,141.68,,237,2,0
1387,Idam,2025-03-07,41.06,3.0,622,4,0
1388,Ottoman Palace,2025-03-07,46.48,8.0,10,3,1
1389,Nobu Doha,2025-03-07,168.3,5.0,555,2,1
1390,Turkey Central Restaurant,2025-03-07,67.28,9.0,175,2,1
1391,Morimoto Doha,2025-03-09,166.56,10.0,760,2,0
1392,La Mar by Gastón Acurio,2025-03-09,132.86,,625,1,0
1393,Zaitoon Restaurant,2025-03-09,152.4,7.0,865,3,0
1394,Afghan Brothers,2025-03-10,135.72,3.0,488,4,0
1395,Shay Al Shomous,2025-03-10,140.08,,786,5,1
1396,Rotana Restaurant,2025-03-10,59.79,6.0,844,5,0
1397,Sulaimani Tea Hub,2025-03-11,81.62,9.0,624,3,1
1398,Bayt El Talleh,2025-03-11,123.36,4.0,84,4,0
1399,MRA Bakery & Restaurant,2025-03-11,179.0,,582,5,0
1400,Zaoq,2025-03-11,98.37,5.0,744,4,0
1401,Shay Al Shomous,2025-03-11,72.19,7.0,728,1,0
1402,Pak Pakwan,2025-03-11,63.46,9.0,467,5,0
1403,Tandoor Restaurant,2025-03-12,22.58,2.0,528,5,0
1404,Zaoq,2025-03-12,63.41,3.0,54,3,0
1405,Bandar Aden Restaurant,2025-03-13,192.09,10.0,382,2,0
1406,Chotto Matte,2025-03-13,132.93,8.0,199,4,0
1407,Bandar Aden Restaurant,2025-03-14,100.12,,557,5,0
1408,La Mar by Gastón Acurio,2025-03-14,162.41,8.0,226,3,1
1409,Rotana Restaurant,2025-03-14,53.91,1.0,320,4,0
1410,Rotana Restaurant,2025-03-14,170.0,4.0,136,4,0
1411,Rotana Restaurant,2025-03-14,65.7,2.0,683,2,0
1412,Morimoto Doha,2025-03-15,62.92,10.0,471,4,0
1413,Ziafat,2025-03-15,114.71,6.0,248,4,0
1414,Isaan,2025-03-15,28.45,9.0,570,3,1
1415,Idam,2025-03-15,135.48,,218,2,0
1416,Biryani Hut,2025-03-16,123.11,2.0,230,3,1
1417,Tandoor Restaurant,2025-03-16,162.4,10.0,561,5,0
1418,Hakkasan,2025-03-16,42.72,1.0,412,5,0
1419,Ziafat,2025-03-16,176.12,7.0,455,2,1
1420,Turkey Central Restaurant,2025-03-17,198.35,1.0,83,4,0
1421,Nobu Doha,2025-03-17,67.57,4.0,127,4,0
1422,Ottoman Palace,2025-03-18,146.46,3.0,80,1,0
1423,Palestine Cafeteria,2025-03-18,163.17,8.0,76,1,0
1424,Nobu Doha,2025-03-18,65.96,2.0,745,1,1
1425,Hakkasan,2025-03-19,117.18,,242,5,1
1426,Em Sherif Café,2025-03-19,39.4,1.0,718,5,1
1427,Shay Al Shomous,2025-03-20,75.53,4.0,138,5,0
1428,Bayt El Talleh,2025-03-20,145.83,8.0,400,1,0
1429,Nobu Doha,2025-03-21,197.43,7.0,43,3,0
1430,Bayt El Talleh,2025-03-21,125.05,5.0,581,2,0
1431,Shay Al Shomous,2025-03-21,157.45,3.0,733,2,1
1432,Isaan,2025-03-22,72.82,8.0,398,4,0
1433,Turkey Central Restaurant,2025-03-22,100.8,4.0,127,5,0
1434,Pak Pakwan,2025-03-22,187.88,1.0,618,3,0
1435,Zaoq,2025-03-23,193.63,8.0,760,5,1
1436,Shay Al Shomous,2025-03-24,144.69,,475,3,1
1437,Idam,2025-03-24,162.87,4.0,327,4,1
1438,Morimoto Doha,2025-03-25,143.07,9.0,92,2,0
1439,Shay Al Shomous,2025-03-25,170.3,5.0,895,3,0
1440,Bayt El Talleh,2025-03-25,187.02,8.0,843,4,1
1441,Afghan Brothers,2025-03-25,41.42,6.0,833,5,1
1442,Turkey Central Restaurant,2025-03-27,183.58,4.0,15,3,1
1443,Chotto Matte,2025-03-27,142.43,9.0,638,2,0
1444,Turkey Central Restaurant,2025-03-28,110.26,8.0,192,4,1
1445,Nobu Doha,2025-03-28,146.97,2.0,432,5,1
1446,La Mar by Gastón Acurio,2025-03-28,76.41,10.0,126,4,1
1447,Shay Al Shomous,2025-03-28,40.54,1.0,722,1,0
1448,Rotana Restaurant,2025-03-29,160.16,7.0,348,3,0
1449,Bandar Aden Restaurant,2025-03-29,111.14,5.0,327,3,1
1450,La Mar by Gastón Acurio,2025-03-29,119.78,8.0,492,5,0
1451,Hakkasan,2025-03-30,158.5,8.0,47,5,0
1452,Rotana Restaurant,2025-03-30,55.01,9.0,839,4,0
1453,Bandar Aden Restaurant,2025-03-31,143.91,2.0,118,2,0
1454,Nobu Doha,2025-03-31,194.7,4.0,517,4,1
1455,Turkey Central Restaurant,2025-04-01,159.17,5.0,785,2,0
1456,Isaan,2025-04-01,152.4,7.0,98,2,0
1457,Chotto Matte,2025-04-01,71.41,5.0,512,5,0
1458,Zaitoon Restaurant,2025-04-02,40.49,4.0,14,5,0
1459,Idam,2025-04-02,81.94,5.0,747,5,1
1460,Rotana Restaurant,2025-04-02,67.83,3.0,115,1,1
1461,Turkey Central Restaurant,2025-04-03,105.24,9.0,833,1,0
1462,Ottoman Palace,2025-04-03,112.25,3.0,240,3,0
1463,La Mar by Gastón Acurio,2025-04-03,192.32,1.0,550,5,0
1464,Shay Al Shomous,2025-04-03,84.61,9.0,981,5,1
1465,Bayt El Talleh,2025-04-04,183.93,7.0,46,4,0
1466,Biryani Hut,2025-04-05,70.57,5.0,334,4,0
1467,Isaan,2025-04-05,159.09,8.0,708,5,1
1468,Tandoor Restaurant,2025-04-05,172.74,,547,5,0
1469,Isaan,2025-04-05,171.53,6.0,954,4,0
1470,Turkey Central Restaurant,2025-04-07,92.95,10.0,331,2,0
1471,Isaan,2025-04-07,70.35,,42,3,1
1472,Zaitoon Restaurant,2025-04-07,182.58,1.0,182,1,0
1473,Isaan,2025-04-07,115.32,4.0,921,1,0
1474,Spice Market,2025-04-08,72.86,3.0,471,3,0
1475,Rotana Restaurant,2025-04-08,84.44,3.0,574,2,0
1476,La Mar by Gastón Acurio,2025-04-08,95.21,4.0,479,4,0
1477,Ottoman Palace,2025-04-09,124.28,10.0,443,2,0
1478,Chotto Matte,2025-04-09,139.38,5.0,478,1,0
1479,Nobu Doha,2025-04-09,96.78,7.0,949,2,0
1480,Ziafat,2025-04-10,155.33,5.0,944,1,0
1481,Pak Pakwan,2025-04-10,138.45,10.0,545,3,0
1482,Idam,2025-04-10,129.64,4.0,697,2,0
1483,Pak Pakwan,2025-04-11,162.84,1.0,449,2,0
1484,Sulaimani Tea Hub,2025-04-11,87.67,1.0,577,5,1
1485,Morimoto Doha,2025-04-11,116.16,6.0,741,1,1
1486,Spice Market,2025-04-11,105.54,9.0,884,5,0
1487,Shay Al Shomous,2025-04-12,22.41,10.0,747,1,0
1488,Palestine Cafeteria,2025-04-12,45.32,3.0,212,2,1
1489,Afghan Brothers,2025-04-12,39.44,2.0,56,3,0
1490,Bayt El Talleh,2025-04-12,194.66,5.0,684,4,1
1491,Em Sherif Café,2025-04-13,194.96,7.0,379,1,0
1492,Nobu Doha,2025-04-15,86.18,9.0,88,5,1
1493,Morimoto Doha,2025-04-15,78.06,8.0,980,2,1
1494,Ottoman Palace,2025-04-16,119.04,1.0,11,4,1
1495,Spice Market,2025-04-16,190.73,4.0,69,5,0
1496,Isaan,2025-04-16,64.88,6.0,518,3,0
1497,Isaan,2025-04-18,178.63,5.0,3,3,0
1498,Ziafat,2025-04-18,140.41,4.0,912,1,1
1499,Zaitoon Restaurant,2025-04-18,98.72,9.0,67,5,0
1500,Morimoto Doha,2025-04-19,147.88,4.0,362,3,0
1501,Hakkasan,2025-04-20,73.47,8.0,124,3,1
1502,Bandar Aden Restaurant,2025-04-20,198.97,4.0,771,2,0
1503,Turkey Central Restaurant,2025-04-20,190.9,8.0,113,5,0
1504,Chotto Matte,2025-04-21,90.17,7.0,371,2,0
1505,Afghan Brothers,2025-04-21,185.32,2.0,762,5,0
1506,Morimoto Doha,2025-04-21,38.66,6.0,414,3,1
1507,Isaan,2025-04-22,92.75,10.0,720,4,0
1508,Spice Market,2025-04-23,137.55,8.0,402,3,1
1509,Palestine Cafeteria,2025-04-23,39.14,5.0,346,4,1
1510,Palestine Cafeteria,2025-04-23,126.35,7.0,202,5,0
1511,Spice Market,2025-04-23,98.89,6.0,707,1,0
1512,Bayt El Talleh,2025-04-23,119.48,4.0,282,1,0
1513,Sulaimani Tea Hub,2025-04-23,70.79,9.0,867,5,1
1514,Morimoto Doha,2025-04-24,107.9,10.0,197,5,1
1515,Chotto Matte,2025-04-24,120.39,6.0,803,4,0
1516,Bayt El Talleh,2025-04-25,90.79,7.0,640,1,1
1517,Em Sherif Café,2025-04-25,93.57,,43,4,1
1518,Afghan Brothers,2025-04-25,88.37,6.0,803,3,0
1519,MRA Bakery & Restaurant,2025-04-26,146.83,9.0,36,2,0
1520,Palestine Cafeteria,2025-04-26,179.28,6.0,814,1,0
1521,Spice Market,2025-04-26,135.21,10.0,47,3,0
1522,Palestine Cafeteria,2025-04-26,196.57,8.0,435,5,0
1523,Bayt El Talleh,2025-04-26,42.04,4.0,31,5,0
1524,Ziafat,2025-04-26,23.72,1.0,253,5,1
1525,MRA Bakery & Restaurant,2025-04-26,90.09,10.0,949,4,0
1526,MRA Bakery & Restaurant,2025-04-27,46.3,,695,2,0
1527,Tandoor Restaurant,2025-04-27,123.68,3.0,101,3,0
1528,Bandar Aden Restaurant,2025-04-27,108.15,9.0,559,2,0
1529,Pak Pakwan,2025-04-28,69.71,8.0,580,2,1
1530,La Mar by Gastón Acurio,2025-04-28,186.09,6.0,99,3,1
1531,Rotana Restaurant,2025-04-29,118.05,8.0,354,1,0
1532,MRA Bakery & Restaurant,2025-04-29,29.6,5.0,834,5,1
1533,Isaan,2025-04-30,33.55,4.0,428,5,0
1534,Nobu Doha,2025-04-30,54.02,1.0,237,3,0
1535,Nobu Doha,2025-04-30,153.33,8.0,651,2,0
1536,Pak Pakwan,2025-04-30,56.76,9.0,278,1,0
1537,Zaitoon Restaurant,2025-04-30,157.74,7.0,187,3,1
1538,Pak Pakwan,2025-04-30,150.39,3.0,203,4,0
1539,Hakkasan,2025-04-30,193.51,9.0,921,2,0
1540,Turkey Central Restaurant,2025-05-01,193.27,1.0,375,2,0
1541,Palestine Cafeteria,2025-05-01,153.21,10.0,834,1,0
1542,MRA Bakery & Restaurant,2025-05-01,179.8,5.0,262,5,0
1543,Spice Market,2025-05-02,134.87,10.0,970,4,1
1544,Biryani Hut,2025-05-02,39.53,1.0,510,2,0
1545,Zaoq,2025-05-02,198.28,1.0,549,4,0
1546,Ziafat,2025-05-02,117.25,9.0,796,5,0
1547,Chotto Matte,2025-05-03,102.9,10.0,434,2,0
1548,Morimoto Doha,2025-05-04,61.34,9.0,915,5,1
1549,Palestine Cafeteria,2025-05-04,26.99,2.0,276,3,0
1550,Palestine Cafeteria,2025-05-04,58.48,8.0,363,1,0
1551,Em Sherif Café,2025-05-05,95.93,6.0,94,4,1
1552,Bayt El Talleh,2025-05-05,22.37,10.0,983,3,1
1553,Rotana Restaurant,2025-05-05,132.62,5.0,360,3,0
1554,La Mar by Gastón Acurio,2025-05-05,104.43,5.0,491,4,0
1555,Spice Market,2025-05-05,114.2,,931,2,0
1556,Palestine Cafeteria,2025-05-06,136.11,2.0,26,2,1
1557,Rotana Restaurant,2025-05-06,65.65,1.0,131,5,0
1558,Bayt El Talleh,2025-05-06,36.91,2.0,711,2,0
1559,Zaoq,2025-05-06,102.09,10.0,81,5,0
1560,Morimoto Doha,2025-05-06,66.62,5.0,759,2,0
1561,Spice Market,2025-05-07,187.91,5.0,443,2,0
1562,Spice Market,2025-05-07,192.5,4.0,581,5,1
1563,Morimoto Doha,2025-05-07,64.31,4.0,193,1,1
1564,Ottoman Palace,2025-05-08,110.24,9.0,912,5,0
1565,Pak Pakwan,2025-05-08,34.97,6.0,344,2,1
1566,Em Sherif Café,2025-05-09,145.66,,481,5,0
1567,Isaan,2025-05-09,68.05,5.0,928,5,1
1568,Rotana Restaurant,2025-05-10,163.33,8.0,795,3,0
1569,Biryani Hut,2025-05-10,124.87,1.0,784,3,0
1570,Chotto Matte,2025-05-10,103.29,4.0,148,1,0
1571,Afghan Brothers,2025-05-11,66.8,10.0,927,2,0
1572,Rotana Restaurant,2025-05-11,33.58,7.0,49,4,0
1573,Chotto Matte,2025-05-11,144.03,3.0,816,1,1
1574,Biryani Hut,2025-05-11,98.0,5.0,890,4,0
1575,MRA Bakery & Restaurant,2025-05-11,47.77,2.0,369,5,0
1576,Pak Pakwan,2025-05-12,141.29,5.0,699,4,0
1577,Bandar Aden Restaurant,2025-05-12,187.2,4.0,613,5,0
1578,Isaan,2025-05-12,82.64,2.0,80,1,0
1579,Isaan,2025-05-12,180.61,8.0,735,4,0
1580,Em Sherif Café,2025-05-13,85.41,4.0,266,5,0
1581,Sulaimani Tea Hub,2025-05-13,141.21,9.0,531,4,0
1582,Shay Al Shomous,2025-05-14,29.65,4.0,921,4,1
1583,Bandar Aden Restaurant,2025-05-14,77.55,,867,5,0
1584,Em Sherif Café,2025-05-14,21.8,6.0,965,4,1
1585,Turkey Central Restaurant,2025-05-15,92.99,7.0,651,4,0
1586,Palestine Cafeteria,2025-05-15,31.47,3.0,98,1,0
1587,Bandar Aden Restaurant,2025-05-15,40.53,4.0,37,3,1
1588,Pak Pakwan,2025-05-15,55.64,9.0,456,3,0
1589,Rotana Restaurant,2025-05-16,22.13,2.0,352,2,1
1590,Em Sherif Café,2025-05-16,87.49,1.0,435,1,1
1591,Em Sherif Café,2025-05-16,101.58,,43,2,1
1592,Ottoman Palace,2025-05-16,61.18,10.0,281,5,0
1593,Bandar Aden Restaurant,2025-05-16,64.54,9.0,933,3,1
1594,MRA Bakery & Restaurant,2025-05-17,73.57,6.0,190,4,1
1595,Bayt El Talleh,2025-05-17,42.99,5.0,655,4,0
1596,Em Sherif Café,2025-05-17,162.68,8.0,220,2,0
1597,Chotto Matte,2025-05-17,89.64,4.0,700,5,0
1598,Hakkasan,2025-05-18,101.09,5.0,972,1,0
1599,Zaoq,2025-05-19,41.61,9.0,560,3,1
1600,Tandoor Restaurant,2025-05-19,59.77,2.0,198,4,0
1601,Afghan Brothers,2025-05-19,75.7,7.0,59,4,0
1602,Spice Market,2025-05-20,151.04,5.0,117,1,1
1603,La Mar by Gastón Acurio,2025-05-20,129.46,2.0,486,4,0
1604,Hakkasan,2025-05-21,176.03,3.0,779,2,1
1605,La Mar by Gastón Acurio,2025-05-21,64.44,3.0,504,2,0
1606,Nobu Doha,2025-05-21,37.18,3.0,87,1,0
1607,Spice Market,2025-05-21,107.93,8.0,779,2,0
1608,Ziafat,2025-05-22,159.38,5.0,128,3,0
1609,Rotana Restaurant,2025-05-22,141.93,2.0,798,5,0
1610,Chotto Matte,2025-05-22,22.81,3.0,808,4,0
1611,Isaan,2025-05-22,126.67,4.0,893,3,1
1612,Sulaimani Tea Hub,2025-05-23,109.93,1.0,237,4,0
1613,Tandoor Restaurant,2025-05-24,126.27,2.0,42,3,0
1614,La Mar by Gastón Acurio,2025-05-25,44.89,3.0,741,4,0
1615,Ziafat,2025-05-25,167.76,6.0,782,3,1
1616,Idam,2025-05-25,166.82,8.0,799,3,0
1617,MRA Bakery & Restaurant,2025-05-26,155.55,8.0,362,4,0
1618,Zaitoon Restaurant,2025-05-26,27.46,3.0,735,2,0
1619,Afghan Brothers,2025-05-27,131.21,8.0,91,1,0
1620,Sulaimani Tea Hub,2025-05-27,179.04,9.0,150,2,1
1621,Idam,2025-05-27,42.0,3.0,665,1,0
1622,MRA Bakery & Restaurant,2025-05-27,110.22,4.0,5,2,0
1623,Palestine Cafeteria,2025-05-27,44.94,4.0,576,4,1
1624,Ottoman Palace,2025-05-28,125.51,10.0,726,3,0
1625,Isaan,2025-05-28,43.98,,413,2,0
1626,Morimoto Doha,2025-05-28,183.77,10.0,426,1,1
1627,Shay Al Shomous,2025-05-30,57.66,8.0,267,4,0
1628,Ziafat,2025-05-30,68.75,8.0,314,4,1
1629,Palestine Cafeteria,2025-05-30,27.86,6.0,536,5,1
1630,Tandoor Restaurant,2025-05-30,37.54,1.0,929,4,0
1631,Zaoq,2025-05-31,72.8,9.0,118,3,0
1632,Zaitoon Restaurant,2025-05-31,86.82,3.0,248,1,0
1633,MRA Bakery & Restaurant,2025-06-01,195.49,8.0,529,4,0
1634,Chotto Matte,2025-06-01,193.21,1.0,845,2,0
1635,MRA Bakery & Restaurant,2025-06-01,26.82,2.0,817,3,0
1636,Zaitoon Restaurant,2025-06-01,24.59,8.0,236,5,1
1637,Palestine Cafeteria,2025-06-01,107.3,5.0,807,5,1
1638,MRA Bakery & Restaurant,2025-06-02,97.49,2.0,588,5,1
1639,Zaoq,2025-06-02,72.41,8.0,461,4,0
1640,Rotana Restaurant,2025-06-03,62.88,5.0,714,5,1
1641,Morimoto Doha,2025-06-03,21.96,3.0,411,3,0
1642,Spice Market,2025-06-03,118.19,6.0,109,4,0
1643,Morimoto Doha,2025-06-03,127.01,2.0,460,3,0
1644,Shay Al Shomous,2025-06-03,189.39,1.0,946,4,0
1645,Bayt El Talleh,2025-06-03,123.55,2.0,167,5,0
1646,Shay Al Shomous,2025-06-03,195.0,2.0,261,3,0
1647,Bayt El Talleh,2025-06-03,136.15,9.0,610,2,1
1648,Zaitoon Restaurant,2025-06-04,193.47,4.0,156,3,1
1649,Palestine Cafeteria,2025-06-04,107.36,3.0,892,3,1
1650,Nobu Doha,2025-06-04,186.82,5.0,723,3,0
1651,Pak Pakwan,2025-06-04,119.51,2.0,569,3,1
1652,Biryani Hut,2025-06-04,29.69,9.0,190,5,1
1653,Em Sherif Café,2025-06-04,182.21,8.0,926,2,0
1654,Spice Market,2025-06-05,176.66,7.0,669,3,0
1655,Isaan,2025-06-05,180.06,5.0,567,4,0
1656,Sulaimani Tea Hub,2025-06-05,177.22,8.0,215,5,0
1657,Pak Pakwan,2025-06-05,97.02,2.0,464,4,0
1658,MRA Bakery & Restaurant,2025-06-05,192.82,2.0,469,5,0
1659,Ottoman Palace,2025-06-06,157.73,4.0,128,3,0
1660,Bandar Aden Restaurant,2025-06-06,162.92,7.0,176,4,0
1661,Afghan Brothers,2025-06-06,164.04,5.0,356,5,0
1662,Isaan,2025-06-08,87.67,3.0,819,2,0
1663,Palestine Cafeteria,2025-06-08,57.98,,785,2,0
1664,Shay Al Shomous,2025-06-08,157.82,,673,4,1
1665,Chotto Matte,2025-06-08,184.67,7.0,280,4,0
1666,Turkey Central Restaurant,2025-06-09,145.83,3.0,309,5,0
1667,Spice Market,2025-06-09,41.54,1.0,966,4,1
1668,Sulaimani Tea Hub,2025-06-10,151.88,7.0,591,4,0
1669,Morimoto Doha,2025-06-10,30.64,10.0,934,4,0
1670,Bayt El Talleh,2025-06-11,38.96,8.0,128,4,0
1671,Hakkasan,2025-06-12,70.41,5.0,338,4,1
1672,La Mar by Gastón Acurio,2025-06-12,52.9,9.0,131,5,0
1673,Bandar Aden Restaurant,2025-06-12,136.2,4.0,707,1,0
1674,MRA Bakery & Restaurant,2025-06-13,158.56,,791,3,0
1675,Bayt El Talleh,2025-06-13,135.34,7.0,879,3,0
1676,Isaan,2025-06-13,88.43,3.0,804,4,1
1677,Ottoman Palace,2025-06-14,132.4,7.0,873,2,0
1678,Ziafat,2025-06-14,166.97,3.0,157,3,0
1679,MRA Bakery & Restaurant,2025-06-15,88.15,7.0,80,2,1
1680,Bandar Aden Restaurant,2025-06-15,131.88,3.0,453,3,0
1681,Nobu Doha,2025-06-15,72.64,1.0,121,1,0
1682,Bandar Aden Restaurant,2025-06-15,60.0,3.0,52,1,0
1683,Tandoor Restaurant,2025-06-15,161.96,3.0,267,1,1
1684,Shay Al Shomous,2025-06-15,49.37,7.0,199,1,0
1685,Biryani Hut,2025-06-16,162.65,7.0,480,4,0
1686,Nobu Doha,2025-06-16,98.15,2.0,622,5,0
1687,Ziafat,2025-06-16,103.65,2.0,863,4,1
1688,Bandar Aden Restaurant,2025-06-16,34.22,,611,5,1
1689,Idam,2025-06-17,47.98,5.0,502,4,1
1690,Pak Pakwan,2025-06-17,167.51,4.0,855,4,0
1691,Turkey Central Restaurant,2025-06-17,193.28,1.0,708,3,1
1692,Em Sherif Café,2025-06-17,31.48,7.0,830,1,0
1693,Ziafat,2025-06-17,188.76,5.0,660,1,1
1694,Nobu Doha,2025-06-17,86.19,,556,1,0
1695,Bandar Aden Restaurant,2025-06-18,44.6,,209,3,1
1696,Em Sherif Café,2025-06-18,68.84,3.0,864,5,0
1697,Pak Pakwan,2025-06-19,26.83,6.0,507,3,1
1698,Ottoman Palace,2025-06-19,92.44,2.0,672,2,0
1699,Pak Pakwan,2025-06-20,29.72,5.0,821,3,0
1700,Afghan Brothers,2025-06-20,148.73,,500,1,0
1701,Zaoq,2025-06-20,183.95,10.0,931,4,0
1702,Pak Pakwan,2025-06-21,115.45,6.0,135,3,1
1703,Shay Al Shomous,2025-06-21,51.67,3.0,405,5,1
1704,Ottoman Palace,2025-06-21,145.55,7.0,409,2,0
1705,Palestine Cafeteria,2025-06-22,44.36,2.0,943,4,1
1706,Bandar Aden Restaurant,2025-06-22,165.48,4.0,952,3,1
1707,Tandoor Restaurant,2025-06-23,170.58,,538,3,0
1708,Ziafat,2025-06-23,56.26,9.0,550,2,0
1709,Tandoor Restaurant,2025-06-24,123.99,10.0,559,3,1
1710,Sulaimani Tea Hub,2025-06-24,151.1,10.0,942,5,1
1711,Ziafat,2025-06-24,110.11,9.0,250,3,0
1712,Zaitoon Restaurant,2025-06-24,103.4,,219,3,1
1713,Idam,2025-06-24,75.18,1.0,711,3,0
1714,Morimoto Doha,2025-06-24,101.46,5.0,499,2,0
1715,Em Sherif Café,2025-06-24,101.72,1.0,721,1,0
1716,Idam,2025-06-25,50.18,,888,5,0
1717,Ottoman Palace,2025-06-25,113.62,4.0,296,5,0
1718,Em Sherif Café,2025-06-25,153.54,,339,5,0
1719,Sulaimani Tea Hub,2025-06-25,99.52,5.0,831,4,1
1720,La Mar by Gastón Acurio,2025-06-25,57.97,4.0,110,4,0
1721,Bandar Aden Restaurant,2025-06-26,27.29,4.0,803,2,0
1722,Afghan Brothers,2025-06-26,34.83,6.0,475,4,0
1723,Shay Al Shomous,2025-06-26,155.04,3.0,916,2,0
1724,Turkey Central Restaurant,2025-06-27,134.56,4.0,787,5,1
1725,Chotto Matte,2025-06-27,28.03,5.0,449,5,0
1726,Ziafat,2025-06-27,154.39,9.0,183,5,0
1727,Ottoman Palace,2025-06-27,57.18,2.0,350,5,0
1728,Bandar Aden Restaurant,2025-06-27,40.63,7.0,604,5,0
1729,Sulaimani Tea Hub,2025-06-28,52.63,10.0,803,2,0
1730,Palestine Cafeteria,2025-06-28,73.38,,615,5,0
1731,Chotto Matte,2025-06-29,36.14,10.0,169,3,0
1732,Zaitoon Restaurant,2025-06-30,32.31,2.0,849,1,1
1733,Hakkasan,2025-07-01,151.23,9.0,614,4,0
1734,Zaoq,2025-07-01,79.67,,652,2,0
1735,Bandar Aden Restaurant,2025-07-01,156.69,7.0,513,2,0
1736,Ziafat,2025-07-01,71.71,9.0,320,2,1
1737,Rotana Restaurant,2025-07-01,71.73,,591,5,0
1738,Ziafat,2025-07-01,73.87,1.0,998,1,0
1739,Sulaimani Tea Hub,2025-07-02,72.57,8.0,301,1,0
1740,Bandar Aden Restaurant,2025-07-02,94.58,5.0,23,4,0
1741,Chotto Matte,2025-07-02,21.28,10.0,528,4,0
1742,Nobu Doha,2025-07-03,107.97,7.0,172,5,0
1743,Bayt El Talleh,2025-07-03,75.29,3.0,784,4,1
1744,Spice Market,2025-07-04,38.17,,897,1,0
1745,Turkey Central Restaurant,2025-07-04,140.05,7.0,269,3,0
1746,Hakkasan,2025-07-04,86.77,9.0,494,5,0
1747,Ziafat,2025-07-04,126.51,,509,4,0
1748,Morimoto Doha,2025-07-04,46.07,8.0,727,3,0
1749,Chotto Matte,2025-07-05,37.47,9.0,304,4,0
1750,Bandar Aden Restaurant,2025-07-05,59.0,10.0,849,2,0
1751,Zaoq,2025-07-05,181.28,6.0,398,5,1
1752,Sulaimani Tea Hub,2025-07-05,41.24,,916,2,1
1753,Afghan Brothers,2025-07-05,110.21,9.0,853,5,1
1754,Hakkasan,2025-07-06,111.54,,685,5,1
1755,Ziafat,2025-07-06,95.81,,921,1,0
1756,Afghan Brothers,2025-07-07,88.08,10.0,985,5,1
1757,Shay Al Shomous,2025-07-07,89.46,10.0,396,5,0
1758,Ziafat,2025-07-07,190.04,10.0,130,1,0
1759,Palestine Cafeteria,2025-07-07,116.85,7.0,137,2,0
1760,Palestine Cafeteria,2025-07-08,65.5,7.0,386,4,0
1761,Pak Pakwan,2025-07-08,98.59,6.0,297,5,0
1762,Nobu Doha,2025-07-08,193.91,4.0,405,5,1
1763,Ottoman Palace,2025-07-08,36.57,9.0,982,5,0
1764,Ottoman Palace,2025-07-08,88.09,6.0,226,4,0
1765,Ziafat,2025-07-08,184.28,4.0,811,5,0
1766,Nobu Doha,2025-07-08,39.68,5.0,634,4,1
1767,Biryani Hut,2025-07-08,181.97,5.0,240,5,0
1768,Chotto Matte,2025-07-09,140.52,3.0,88,2,0
1769,Afghan Brothers,2025-07-09,37.85,1.0,92,3,1
1770,MRA Bakery & Restaurant,2025-07-09,123.37,7.0,241,5,0
1771,Chotto Matte,2025-07-09,125.4,7.0,646,5,0
1772,Turkey Central Restaurant,2025-07-09,150.22,2.0,6,3,0
1773,MRA Bakery & Restaurant,2025-07-10,99.62,6.0,829,2,0
1774,Pak Pakwan,2025-07-10,173.26,10.0,925,5,0
1775,Morimoto Doha,2025-07-11,49.47,7.0,197,5,0
1776,Morimoto Doha,2025-07-11,66.14,7.0,144,1,0
1777,Rotana Restaurant,2025-07-12,138.27,10.0,944,5,0
1778,Idam,2025-07-12,110.83,3.0,746,1,0
1779,Bandar Aden Restaurant,2025-07-12,65.67,5.0,355,1,0
1780,Nobu Doha,2025-07-13,148.07,1.0,799,3,1
1781,Ottoman Palace,2025-07-15,153.3,8.0,714,1,0
1782,Em Sherif Café,2025-07-15,173.88,1.0,219,1,0
1783,Turkey Central Restaurant,2025-07-15,163.21,10.0,455,1,0
1784,Palestine Cafeteria,2025-07-15,86.87,9.0,738,2,0
1785,MRA Bakery & Restaurant,2025-07-16,62.78,6.0,840,3,0
1786,La Mar by Gastón Acurio,2025-07-16,149.19,,586,3,0
1787,Isaan,2025-07-16,178.15,7.0,335,5,0
1788,Hakkasan,2025-07-16,78.04,7.0,610,3,0
1789,La Mar by Gastón Acurio,2025-07-17,49.05,2.0,20,4,1
1790,Zaitoon Restaurant,2025-07-17,59.3,3.0,418,3,0
1791,Tandoor Restaurant,2025-07-18,28.97,7.0,860,5,1
1792,La Mar by Gastón Acurio,2025-07-18,29.09,4.0,849,4,1
1793,Isaan,2025-07-19,82.53,3.0,446,3,0
1794,Afghan Brothers,2025-07-19,99.09,7.0,330,5,0
1795,Idam,2025-07-21,128.41,10.0,424,2,0
1796,Ottoman Palace,2025-07-21,123.91,10.0,36,5,0
1797,Shay Al Shomous,2025-07-22,100.58,8.0,998,4,0
1798,Bayt El Talleh,2025-07-22,53.44,5.0,162,4,0
1799,Isaan,2025-07-22,94.96,5.0,867,5,0
1800,Em Sherif Café,2025-07-22,187.78,5.0,986,3,0
1801,Em Sherif Café,2025-07-23,75.01,10.0,408,2,0
1802,Hakkasan,2025-07-23,156.86,8.0,156,1,0
1803,Hakkasan,2025-07-23,176.23,9.0,585,1,0
1804,Morimoto Doha,2025-07-23,199.22,10.0,283,2,1
1805,Rotana Restaurant,2025-07-23,46.1,6.0,122,4,1
1806,Pak Pakwan,2025-07-23,20.77,8.0,216,4,0
1807,Bandar Aden Restaurant,2025-07-24,163.5,10.0,430,4,1
1808,Ottoman Palace,2025-07-24,48.83,7.0,330,2,0
1809,Sulaimani Tea Hub,2025-07-24,100.12,9.0,595,4,0
1810,Chotto Matte,2025-07-24,40.14,2.0,625,2,0
1811,Isaan,2025-07-24,102.35,7.0,317,3,0
1812,Biryani Hut,2025-07-24,169.21,6.0,568,1,0
1813,Pak Pakwan,2025-07-25,26.8,7.0,201,5,1
1814,Palestine Cafeteria,2025-07-25,134.83,2.0,366,4,0
1815,Chotto Matte,2025-07-26,171.77,4.0,276,4,1
1816,La Mar by Gastón Acurio,2025-07-27,117.95,9.0,789,2,0
1817,Ziafat,2025-07-28,50.49,5.0,113,4,0
1818,Em Sherif Café,2025-07-29,25.99,8.0,377,3,0
1819,Palestine Cafeteria,2025-07-29,131.22,6.0,997,3,0
1820,Palestine Cafeteria,2025-07-30,171.49,1.0,951,3,0
1821,Shay Al Shomous,2025-07-30,100.66,4.0,983,1,0
1822,La Mar by Gastón Acurio,2025-07-30,167.13,3.0,832,2,0
1823,Sulaimani Tea Hub,2025-07-30,199.31,4.0,432,5,0
1824,Bandar Aden Restaurant,2025-07-30,94.47,1.0,493,4,1
1825,Turkey Central Restaurant,2025-07-30,159.67,5.0,76,2,0
1826,Zaoq,2025-07-31,167.76,7.0,152,4,1
1827,Shay Al Shomous,2025-07-31,57.38,7.0,717,1,0
1828,Palestine Cafeteria,2025-08-01,160.87,1.0,442,4,0
1829,MRA Bakery & Restaurant,2025-08-01,50.57,6.0,931,5,1
1830,La Mar by Gastón Acurio,2025-08-01,188.89,10.0,429,5,0
1831,Bandar Aden Restaurant,2025-08-01,79.62,7.0,445,1,0
1832,Bayt El Talleh,2025-08-02,96.17,2.0,289,4,1
1833,Bayt El Talleh,2025-08-02,61.25,8.0,208,5,0
1834,Ottoman Palace,2025-08-02,151.9,2.0,830,4,0
1835,Tandoor Restaurant,2025-08-03,89.35,7.0,436,3,1
1836,Zaoq,2025-08-03,151.21,1.0,942,4,0
1837,Shay Al Shomous,2025-08-04,116.88,9.0,171,2,0
1838,Palestine Cafeteria,2025-08-04,37.84,8.0,652,3,1
1839,Chotto Matte,2025-08-04,192.02,8.0,385,5,0
1840,Bandar Aden Restaurant,2025-08-05,126.24,,410,2,1
1841,Bandar Aden Restaurant,2025-08-05,152.99,1.0,758,3,1
1842,Chotto Matte,2025-08-06,105.92,7.0,142,2,0
1843,Tandoor Restaurant,2025-08-06,38.61,2.0,716,3,1
1844,Afghan Brothers,2025-08-06,94.43,2.0,967,5,1
1845,Shay Al Shomous,2025-08-06,119.74,6.0,559,4,0
1846,Em Sherif Café,2025-08-07,167.08,,120,1,0
1847,La Mar by Gastón Acurio,2025-08-08,82.58,5.0,986,3,0
1848,MRA Bakery & Restaurant,2025-08-08,56.81,2.0,526,5,0
1849,Afghan Brothers,2025-08-08,114.09,,223,3,1
1850,Isaan,2025-08-08,131.11,7.0,334,3,1
1851,Ziafat,2025-08-08,38.78,1.0,611,1,0
1852,Rotana Restaurant,2025-08-08,163.87,2.0,57,4,1
1853,Idam,2025-08-09,63.84,8.0,411,2,1
1854,Sulaimani Tea Hub,2025-08-09,112.26,9.0,1000,5,0
1855,MRA Bakery & Restaurant,2025-08-09,53.72,4.0,384,3,0
1856,La Mar by Gastón Acurio,2025-08-10,154.18,,830,4,0
1857,Pak Pakwan,2025-08-10,156.22,5.0,162,1,1
1858,Zaitoon Restaurant,2025-08-10,79.48,8.0,234,2,1
1859,Shay Al Shomous,2025-08-10,129.28,4.0,982,5,0
1860,MRA Bakery & Restaurant,2025-08-10,193.3,7.0,408,1,0
1861,Isaan,2025-08-11,64.89,,554,1,0
1862,MRA Bakery & Restaurant,2025-08-11,41.92,2.0,228,5,0
1863,MRA Bakery & Restaurant,2025-08-11,72.71,2.0,565,2,0
1864,La Mar by Gastón Acurio,2025-08-11,86.61,10.0,438,3,0
1865,Zaoq,2025-08-12,107.81,10.0,738,1,1
1866,MRA Bakery & Restaurant,2025-08-12,198.46,10.0,598,3,0
1867,Zaoq,2025-08-12,73.13,8.0,658,3,0
1868,Spice Market,2025-08-12,72.57,1.0,197,2,0
1869,MRA Bakery & Restaurant,2025-08-12,51.49,5.0,789,5,0
1870,Zaitoon Restaurant,2025-08-13,171.28,3.0,929,2,0
1871,Tandoor Restaurant,2025-08-13,147.42,10.0,901,4,0
1872,Bayt El Talleh,2025-08-13,30.87,5.0,784,2,0
1873,Bandar Aden Restaurant,2025-08-13,146.33,,498,5,0
1874,Palestine Cafeteria,2025-08-14,159.61,2.0,89,4,0
1875,Ottoman Palace,2025-08-14,148.97,6.0,780,5,1
1876,Chotto Matte,2025-08-14,46.25,3.0,214,1,0
1877,La Mar by Gastón Acurio,2025-08-16,55.95,1.0,645,3,0
1878,Pak Pakwan,2025-08-16,191.81,,495,1,0
1879,Zaitoon Restaurant,2025-08-16,122.05,3.0,365,4,1
1880,Isaan,2025-08-17,121.28,6.0,322,4,0
1881,Zaitoon Restaurant,2025-08-17,173.61,2.0,601,1,1
1882,Morimoto Doha,2025-08-17,131.65,10.0,124,1,0
1883,Tandoor Restaurant,2025-08-17,169.9,7.0,288,5,0
1884,Ziafat,2025-08-17,142.64,10.0,109,2,1
1885,Idam,2025-08-17,175.61,8.0,385,5,0
1886,Tandoor Restaurant,2025-08-18,64.86,6.0,13,2,1
1887,Rotana Restaurant,2025-08-18,31.67,7.0,485,3,0
1888,MRA Bakery & Restaurant,2025-08-18,47.63,5.0,311,4,1
1889,Pak Pakwan,2025-08-18,182.35,8.0,58,2,0
1890,Chotto Matte,2025-08-20,87.93,4.0,918,1,0
1891,Idam,2025-08-20,154.69,8.0,121,2,0
1892,MRA Bakery & Restaurant,2025-08-20,60.86,5.0,602,5,0
1893,Zaoq,2025-08-21,184.81,1.0,105,4,0
1894,Ottoman Palace,2025-08-21,180.72,1.0,32,4,0
1895,Sulaimani Tea Hub,2025-08-21,81.1,6.0,34,3,0
1896,Zaoq,2025-08-21,77.39,8.0,28,1,0
1897,Afghan Brothers,2025-08-22,167.51,6.0,830,3,1
1898,Bayt El Talleh,2025-08-22,25.22,5.0,988,1,1
1899,Rotana Restaurant,2025-08-22,160.98,6.0,298,3,0
1900,Spice Market,2025-08-22,92.52,,583,2,1
1901,Biryani Hut,2025-08-23,197.89,8.0,801,1,0
1902,Ottoman Palace,2025-08-23,184.33,1.0,704,4,1
1903,Pak Pakwan,2025-08-23,137.2,9.0,922,4,1
1904,Chotto Matte,2025-08-23,118.1,4.0,938,5,0
1905,Ziafat,2025-08-23,21.7,5.0,809,5,1
1906,Spice Market,2025-08-24,142.47,,664,3,1
1907,Idam,2025-08-25,193.93,7.0,85,4,0
1908,Tandoor Restaurant,2025-08-25,62.33,5.0,2,3,1
1909,Pak Pakwan,2025-08-25,104.34,3.0,282,1,0
1910,Bayt El Talleh,2025-08-25,20.03,1.0,359,5,0
1911,Hakkasan,2025-08-25,189.44,10.0,554,2,0
1912,Hakkasan,2025-08-25,63.77,,130,2,0
1913,Biryani Hut,2025-08-25,188.75,5.0,452,3,0
1914,Afghan Brothers,2025-08-25,51.51,,275,5,1
1915,Em Sherif Café,2025-08-25,74.78,10.0,829,1,1
1916,Chotto Matte,2025-08-26,73.49,8.0,118,3,1
1917,Palestine Cafeteria,2025-08-26,83.01,9.0,297,4,1
1918,La Mar by Gastón Acurio,2025-08-27,129.38,6.0,574,3,0
1919,Spice Market,2025-08-27,132.17,7.0,326,3,0
1920,Nobu Doha,2025-08-28,36.5,8.0,335,2,1
1921,La Mar by Gastón Acurio,2025-08-28,88.83,,387,3,0
1922,Idam,2025-08-29,129.14,8.0,893,5,1
1923,Bayt El Talleh,2025-08-30,146.12,2.0,344,5,1
1924,Chotto Matte,2025-08-30,34.64,4.0,283,3,0
1925,Rotana Restaurant,2025-08-30,41.26,9.0,428,2,0
1926,Morimoto Doha,2025-08-30,110.38,,447,3,0
1927,Morimoto Doha,2025-08-30,192.41,10.0,803,4,1
1928,Isaan,2025-08-30,58.95,4.0,936,4,1
1929,Turkey Central Restaurant,2025-08-31,123.57,8.0,934,1,0
1930,Chotto Matte,2025-08-31,87.0,,525,5,1
1931,Afghan Brothers,2025-08-31,44.39,8.0,410,2,1
1932,Ziafat,2025-09-01,112.78,,614,4,1
1933,Bandar Aden Restaurant,2025-09-01,172.97,1.0,889,2,1
1934,Zaoq,2025-09-01,192.49,3.0,549,5,0
1935,Ottoman Palace,2025-09-02,23.63,4.0,670,5,1
1936,Tandoor Restaurant,2025-09-02,130.21,3.0,759,1,0
1937,Turkey Central Restaurant,2025-09-02,162.46,7.0,59,2,0
1938,Bandar Aden Restaurant,2025-09-03,59.6,,659,5,1
1939,Bayt El Talleh,2025-09-03,64.77,,831,5,0
1940,Pak Pakwan,2025-09-03,68.79,10.0,889,2,0
1941,Chotto Matte,2025-09-03,74.16,9.0,905,2,0
1942,Biryani Hut,2025-09-04,183.64,6.0,251,5,0
1943,Rotana Restaurant,2025-09-04,105.39,8.0,617,1,0
1944,Bandar Aden Restaurant,2025-09-05,80.84,7.0,771,4,0
1945,Shay Al Shomous,2025-09-05,158.96,6.0,35,3,0
1946,Morimoto Doha,2025-09-06,131.2,8.0,880,2,1
1947,Tandoor Restaurant,2025-09-06,196.79,8.0,782,2,0
1948,Isaan,2025-09-06,158.99,3.0,61,1,1
1949,Ottoman Palace,2025-09-06,172.59,8.0,865,4,0
1950,Bandar Aden Restaurant,2025-09-06,137.02,8.0,158,4,0
1951,Sulaimani Tea Hub,2025-09-06,172.54,4.0,80,1,1
1952,Turkey Central Restaurant,2025-09-06,192.21,10.0,115,3,0
1953,Pak Pakwan,2025-09-07,27.87,3.0,792,2,0
1954,La Mar by Gastón Acurio,2025-09-07,168.27,9.0,690,5,1
1955,Em Sherif Café,2025-09-07,77.48,8.0,813,5,0
1956,Sulaimani Tea Hub,2025-09-08,26.85,,344,5,1
1957,Biryani Hut,2025-09-08,164.29,4.0,106,1,0
1958,Zaitoon Restaurant,2025-09-08,147.33,3.0,234,4,0
1959,Hakkasan,2025-09-08,140.41,4.0,112,5,1
1960,Shay Al Shomous,2025-09-08,37.04,4.0,679,2,0
1961,Em Sherif Café,2025-09-08,184.16,7.0,273,1,0
1962,Hakkasan,2025-09-10,119.41,,547,4,1
1963,Idam,2025-09-10,79.07,9.0,452,2,1
1964,Idam,2025-09-10,178.28,8.0,879,2,0
1965,MRA Bakery & Restaurant,2025-09-10,174.3,7.0,196,1,1
1966,Tandoor Restaurant,2025-09-11,46.66,2.0,952,3,0
1967,Tandoor Restaurant,2025-09-12,136.18,2.0,840,3,0
1968,Biryani Hut,2025-09-12,142.36,8.0,709,2,1
1969,Hakkasan,2025-09-12,81.01,4.0,350,3,0
1970,Isaan,2025-09-13,79.07,5.0,965,5,1
1971,Bayt El Talleh,2025-09-13,157.01,10.0,242,5,1
1972,Spice Market,2025-09-13,51.6,5.0,354,5,0
1973,Spice Market,2025-09-13,97.17,,436,2,0
1974,Afghan Brothers,2025-09-13,73.5,5.0,620,4,1
1975,Zaitoon Restaurant,2025-09-13,137.49,1.0,835,4,1
1976,Hakkasan,2025-09-14,195.35,2.0,159,5,0
1977,Nobu Doha,2025-09-14,137.27,1.0,647,4,0
1978,Isaan,2025-09-15,149.68,5.0,99,4,0
1979,MRA Bakery & Restaurant,2025-09-15,124.13,7.0,587,4,0
1980,Idam,2025-09-15,58.48,1.0,284,4,0
1981,MRA Bakery & Restaurant,2025-09-16,138.9,10.0,187,1,1
1982,MRA Bakery & Restaurant,2025-09-16,71.07,2.0,755,3,0
1983,Biryani Hut,2025-09-16,143.58,3.0,865,1,0
1984,Turkey Central Restaurant,2025-09-17,37.11,7.0,815,1,1
1985,Tandoor Restaurant,2025-09-17,106.57,2.0,959,5,0
1986,Shay Al Shomous,2025-09-18,83.16,2.0,981,4,0
1987,Zaitoon Restaurant,2025-09-18,88.83,7.0,999,2,1
1988,La Mar by Gastón Acurio,2025-09-18,45.77,6.0,644,4,0
1989,Tandoor Restaurant,2025-09-18,168.3,6.0,2,5,0
1990,Sulaimani Tea Hub,2025-09-18,109.16,10.0,155,2,1
1991,Zaitoon Restaurant,2025-09-19,108.65,2.0,655,1,0
1992,Palestine Cafeteria,2025-09-19,178.81,10.0,5,3,0
1993,Isaan,2025-09-19,170.09,10.0,453,3,0
1994,Pak Pakwan,2025-09-20,124.45,1.0,290,5,0
1995,Nobu Doha,2025-09-20,50.96,8.0,642,1,0
1996,Idam,2025-09-20,165.59,6.0,445,3,1
1997,Rotana Restaurant,2025-09-21,57.41,10.0,17,3,1
1998,Tandoor Restaurant,2025-09-21,25.17,1.0,992,4,0
1999,MRA Bakery & Restaurant,2025-09-21,58.01,9.0,39,1,0
2000,Chotto Matte,2025-09-21,197.61,1.0,441,2,0
